a1,a2,a3,a4,a5,a6,a7,a8,b1,b2,b3,b4,b5,b6,b7,b8,c1,c2,c3,c4,c5,c6,c7,c8,d1,d2,d3,d4,d5,d6,d7,d8,e1,e2,e3,e4,e5,e6,e7,e8,f1,f2,f3,f4,f5,f6,f7,f8,g1,g2,g3,g4,g5,g6,g7,g8,h1,h2,h3,h4,h5,h6,h7,h8,WhiteCanCastleKing,WhiteCanCastleQueen,BlackCanCastleKing,BlackCanCastleQueen,EnPassantFile,PlayerToMove,Result
4,1,0,0,0,0,7,10,2,1,0,0,0,0,7,8,3,1,0,0,0,0,7,9,5,1,0,0,0,0,7,11,6,1,0,0,0,0,7,12,3,1,0,0,0,0,7,9,2,1,0,0,0,0,7,8,4,1,0,0,0,0,7,10,1,1,1,1,-1,0,0
4,1,0,0,0,0,7,10,2,1,0,0,0,0,7,8,3,1,0,0,0,0,7,9,5,1,0,0,0,0,7,11,6,0,0,1,0,0,7,12,3,1,0,0,0,0,7,9,2,1,0,0,0,0,7,8,4,1,0,0,0,0,7,10,1,1,1,1,4,1,0
4,1,0,0,0,0,7,10,2,1,0,0,0,0,7,8,3,1,0,0,0,0,7,9,5,1,0,0,0,0,7,11,6,0,0,1,0,7,0,12,3,1,0,0,0,0,7,9,2,1,0,0,0,0,7,8,4,1,0,0,0,0,7,10,1,1,1,1,-1,0,0
4,1,0,0,0,0,7,10,2,1,0,0,0,0,7,8,3,1,0,0,0,0,7,9,5,0,0,1,0,0,7,11,6,0,0,1,0,7,0,12,3,1,0,0,0,0,7,9,2,1,0,0,0,0,7,8,4,1,0,0,0,0,7,10,1,1,1,1,3,1,0
4,1,0,0,0,0,7,10,2,1,0,0,0,0,7,8,3,1,0,0,0,0,7,9,5,0,0,1,7,0,0,11,6,0,0,1,0,7,0,12,3,1,0,0,0,0,7,9,2,1,0,0,0,0,7,8,4,1,0,0,0,0,7,10,1,1,1,1,3,0,0
4,1,0,0,0,0,7,10,0,1,0,0,0,0,7,8,3,1,2,0,0,0,7,9,5,0,0,1,7,0,0,11,6,0,0,1,0,7,0,12,3,1,0,0,0,0,7,9,2,1,0,0,0,0,7,8,4,1,0,0,0,0,7,10,1,1,1,1,-1,1,0
4,1,0,0,0,0,7,10,0,1,0,0,0,0,7,8,3,1,2,0,0,0,7,9,5,0,0,1,7,0,0,11,6,0,0,1,0,7,0,12,3,1,0,0,0,8,7,9,2,1,0,0,0,0,7,0,4,1,0,0,0,0,7,10,1,1,1,1,-1,0,0
4,1,0,0,0,0,7,10,0,1,0,0,0,0,7,8,3,1,2,0,0,0,7,9,5,0,0,1,7,0,0,11,6,0,0,0,1,7,0,12,3,1,0,0,0,8,7,9,2,1,0,0,0,0,7,0,4,1,0,0,0,0,7,10,1,1,1,1,-1,1,0
4,1,0,0,0,0,7,10,0,1,0,0,0,0,7,8,3,1,2,0,0,0,7,9,5,0,0,1,7,0,8,11,6,0,0,0,1,7,0,12,3,1,0,0,0,0,7,9,2,1,0,0,0,0,7,0,4,1,0,0,0,0,7,10,1,1,1,1,-1,0,0
4,1,0,0,0,0,7,10,0,1,0,0,0,0,7,8,3,1,0,0,0,0,7,9,5,0,0,1,7,0,8,11,6,2,0,0,1,7,0,12,3,1,0,0,0,0,7,9,2,1,0,0,0,0,7,0,4,1,0,0,0,0,7,10,1,1,1,1,-1,1,0
4,1,0,0,0,0,7,10,0,1,0,0,0,0,7,8,3,1,0,0,7,0,0,9,5,0,0,1,7,0,8,11,6,2,0,0,1,7,0,12,3,1,0,0,0,0,7,9,2,1,0,0,0,0,7,0,4,1,0,0,0,0,7,10,1,1,1,1,2,0,0
4,1,0,0,0,0,7,10,0,1,0,0,0,0,7,8,3,0,1,0,7,0,0,9,5,0,0,1,7,0,8,11,6,2,0,0,1,7,0,12,3,1,0,0,0,0,7,9,2,1,0,0,0,0,7,0,4,1,0,0,0,0,7,10,1,1,1,1,-1,1,0
4,1,0,0,0,0,7,10,0,1,0,0,0,0,7,0,3,0,1,0,7,8,0,9,5,0,0,1,7,0,8,11,6,2,0,0,1,7,0,12,3,1,0,0,0,0,7,9,2,1,0,0,0,0,7,0,4,1,0,0,0,0,7,10,1,1,1,1,-1,0,0
4,1,0,0,0,0,7,10,0,1,0,0,0,0,7,0,3,0,1,0,7,8,0,9,5,0,0,1,7,0,8,11,6,2,0,0,1,7,0,12,3,0,0,1,0,0,7,9,2,1,0,0,0,0,7,0,4,1,0,0,0,0,7,10,1,1,1,1,5,1,0
4,1,0,0,0,0,7,10,0,1,0,0,0,11,7,0,3,0,1,0,7,8,0,9,5,0,0,1,7,0,8,0,6,2,0,0,1,7,0,12,3,0,0,1,0,0,7,9,2,1,0,0,0,0,7,0,4,1,0,0,0,0,7,10,1,1,1,1,-1,0,0
4,1,0,0,0,0,7,10,0,1,0,0,0,11,7,0,3,0,1,0,7,8,0,9,5,0,0,1,7,0,8,0,6,2,0,0,1,7,0,12,3,0,2,1,0,0,7,9,0,1,0,0,0,0,7,0,4,1,0,0,0,0,7,10,1,1,1,1,-1,1,0
4,1,0,0,0,0,7,10,0,1,0,0,0,11,7,0,3,0,1,0,7,8,0,9,5,0,0,1,7,0,8,0,6,2,0,0,1,7,0,12,3,0,2,1,0,7,0,9,0,1,0,0,0,0,7,0,4,1,0,0,0,0,7,10,1,1,1,1,-1,0,0
4,1,0,0,0,0,7,10,0,1,0,0,0,11,7,0,3,0,1,0,7,8,0,9,5,0,0,1,7,0,8,0,6,2,0,0,1,7,0,12,3,0,2,1,0,7,0,9,0,0,1,0,0,0,7,0,4,1,0,0,0,0,7,10,1,1,1,1,-1,1,0
4,1,0,0,0,0,7,10,0,1,0,0,0,11,7,0,3,0,1,0,0,8,0,9,5,0,0,7,7,0,8,0,6,2,0,0,1,7,0,12,3,0,2,1,0,7,0,9,0,0,1,0,0,0,7,0,4,1,0,0,0,0,7,10,1,1,1,1,-1,0,0
4,1,0,0,0,0,7,10,0,1,0,0,0,11,7,0,3,0,0,0,0,8,0,9,5,0,0,1,7,0,8,0,6,2,0,0,1,7,0,12,3,0,2,1,0,7,0,9,0,0,1,0,0,0,7,0,4,1,0,0,0,0,7,10,1,1,1,1,-1,1,0
4,1,0,0,0,0,7,10,0,1,0,0,0,11,7,0,3,0,0,0,0,8,0,9,5,0,0,1,7,0,8,0,6,2,0,0,7,7,0,12,3,0,2,1,0,0,0,9,0,0,1,0,0,0,7,0,4,1,0,0,0,0,7,10,1,1,1,1,-1,0,0
4,1,0,0,0,0,7,10,0,1,0,0,0,11,7,0,3,0,0,0,0,8,0,9,5,0,0,1,7,0,8,0,6,2,0,0,1,7,0,12,3,0,2,0,0,0,0,9,0,0,1,0,0,0,7,0,4,1,0,0,0,0,7,10,1,1,1,1,-1,1,0
4,1,0,0,0,0,7,10,0,1,0,9,0,11,7,0,3,0,0,0,0,8,0,9,5,0,0,1,7,0,8,0,6,2,0,0,1,7,0,12,3,0,2,0,0,0,0,0,0,0,1,0,0,0,7,0,4,1,0,0,0,0,7,10,1,1,1,1,-1,0,0
4,1,0,0,0,0,7,10,0,1,0,9,0,11,7,0,3,0,2,0,0,8,0,9,5,0,0,1,7,0,8,0,6,0,0,0,1,7,0,12,3,0,2,0,0,0,0,0,0,0,1,0,0,0,7,0,4,1,0,0,0,0,7,10,1,1,1,1,-1,1,0
4,1,0,0,0,0,7,10,0,1,0,9,0,11,7,0,3,0,2,0,0,8,0,9,5,0,0,1,7,0,8,0,6,0,0,0,1,7,0,0,3,0,2,0,0,0,0,10,0,0,1,0,0,0,7,12,4,1,0,0,0,0,7,0,1,1,0,0,-1,0,0
4,1,0,0,0,0,7,10,0,1,0,9,0,11,7,0,0,0,2,0,0,8,0,9,5,0,0,1,7,0,8,0,6,0,0,0,1,7,0,0,3,0,2,3,0,0,0,10,0,0,1,0,0,0,7,12,4,1,0,0,0,0,7,0,1,1,0,0,-1,1,0
4,1,0,0,0,0,7,10,0,1,0,0,0,11,7,0,0,0,2,0,0,8,0,9,5,0,0,1,7,0,8,0,6,0,0,0,1,7,9,0,3,0,2,3,0,0,0,10,0,0,1,0,0,0,7,12,4,1,0,0,0,0,7,0,1,1,0,0,-1,0,0
4,1,0,0,0,0,7,10,0,1,0,0,0,11,7,0,0,0,2,0,0,8,0,9,5,0,0,1,7,0,8,0,6,0,0,0,1,7,9,0,0,0,2,3,0,0,0,10,0,0,1,0,0,0,7,12,4,1,3,0,0,0,7,0,1,1,0,0,-1,1,0
4,1,0,0,0,0,7,10,0,11,0,0,0,0,7,0,0,0,2,0,0,8,0,9,5,0,0,1,7,0,8,0,6,0,0,0,1,7,9,0,0,0,2,3,0,0,0,10,0,0,1,0,0,0,7,12,4,1,3,0,0,0,7,0,1,1,0,0,-1,0,0
4,1,0,0,0,0,7,10,0,11,0,0,0,0,7,0,5,0,2,0,0,8,0,9,0,0,0,1,7,0,8,0,6,0,0,0,1,7,9,0,0,0,2,3,0,0,0,10,0,0,1,0,0,0,7,12,4,1,3,0,0,0,7,0,1,1,0,0,-1,1,0
4,1,0,0,0,0,7,10,0,0,0,0,0,0,7,0,11,0,2,0,0,8,0,9,0,0,0,1,7,0,8,0,6,0,0,0,1,7,9,0,0,0,2,3,0,0,0,10,0,0,1,0,0,0,7,12,4,1,3,0,0,0,7,0,1,1,0,0,-1,0,0
0,1,0,0,0,0,7,10,0,0,0,0,0,0,7,0,4,0,2,0,0,8,0,9,0,0,0,1,7,0,8,0,6,0,0,0,1,7,9,0,0,0,2,3,0,0,0,10,0,0,1,0,0,0,7,12,4,1,3,0,0,0,7,0,1,0,0,0,-1,1,0
0,1,0,0,0,0,7,10,0,0,0,0,0,8,7,0,4,0,2,0,0,8,0,9,0,0,0,1,7,0,0,0,6,0,0,0,1,7,9,0,0,0,2,3,0,0,0,10,0,0,1,0,0,0,7,12,4,1,3,0,0,0,7,0,1,0,0,0,-1,0,0
0,1,0,0,0,0,7,10,0,0,0,0,2,8,7,0,4,0,0,0,0,8,0,9,0,0,0,1,7,0,0,0,6,0,0,0,1,7,9,0,0,0,2,3,0,0,0,10,0,0,1,0,0,0,7,12,4,1,3,0,0,0,7,0,1,0,0,0,-1,1,0
0,1,0,0,0,0,7,10,0,0,0,0,2,8,7,0,4,0,0,0,0,0,0,9,0,0,0,1,7,0,0,8,6,0,0,0,1,7,9,0,0,0,2,3,0,0,0,10,0,0,1,0,0,0,7,12,4,1,3,0,0,0,7,0,1,0,0,0,-1,0,0
0,1,0,0,0,0,7,10,0,0,0,0,0,8,7,0,4,0,0,0,0,0,2,9,0,0,0,1,7,0,0,8,6,0,0,0,1,7,9,0,0,0,2,3,0,0,0,10,0,0,1,0,0,0,7,12,4,1,3,0,0,0,7,0,1,0,0,0,-1,1,0
0,1,0,0,0,0,7,0,0,0,0,0,0,8,7,10,4,0,0,0,0,0,2,9,0,0,0,1,7,0,0,8,6,0,0,0,1,7,9,0,0,0,2,3,0,0,0,10,0,0,1,0,0,0,7,12,4,1,3,0,0,0,7,0,1,0,0,0,-1,0,0
0,1,0,0,0,0,7,0,0,0,0,0,0,8,7,10,4,0,0,0,0,0,2,9,0,0,0,1,7,0,0,8,0,0,0,0,1,7,9,0,4,0,2,3,0,0,0,10,6,0,1,0,0,0,7,12,0,1,3,0,0,0,7,0,0,0,0,0,-1,1,0
0,1,0,0,0,0,7,0,0,0,0,0,0,8,7,10,4,0,0,0,0,0,2,9,0,0,0,1,7,0,0,8,0,0,0,0,1,7,9,0,4,0,2,3,0,0,0,10,6,0,1,0,0,0,7,12,0,1,3,0,0,7,0,0,0,0,0,0,-1,0,0
0,1,0,0,0,0,7,0,0,0,0,0,0,8,7,10,4,0,0,0,0,0,2,9,0,3,0,1,7,0,0,8,0,0,0,0,1,7,9,0,4,0,2,0,0,0,0,10,6,0,1,0,0,0,7,12,0,1,3,0,0,7,0,0,0,0,0,0,-1,1,0
0,1,0,0,0,0,7,0,0,0,0,0,0,0,7,10,4,0,0,8,0,0,2,9,0,3,0,1,7,0,0,8,0,0,0,0,1,7,9,0,4,0,2,0,0,0,0,10,6,0,1,0,0,0,7,12,0,1,3,0,0,7,0,0,0,0,0,0,-1,0,0
0,1,0,0,0,0,7,0,0,0,0,0,0,0,7,10,4,0,3,8,0,0,2,9,0,0,0,1,7,0,0,8,0,0,0,0,1,7,9,0,4,0,2,0,0,0,0,10,6,0,1,0,0,0,7,12,0,1,3,0,0,7,0,0,0,0,0,0,-1,1,0
0,1,0,0,0,0,7,0,0,0,0,0,7,0,0,10,4,0,3,8,0,0,2,9,0,0,0,1,7,0,0,8,0,0,0,0,1,7,9,0,4,0,2,0,0,0,0,10,6,0,1,0,0,0,7,12,0,1,3,0,0,7,0,0,0,0,0,0,1,0,0
0,1,0,0,0,0,7,0,0,0,0,0,7,0,0,10,4,0,3,8,0,0,2,9,0,0,0,1,7,0,0,8,0,0,0,0,1,7,9,0,4,0,0,0,0,0,0,10,6,0,1,0,0,0,7,12,0,1,3,2,0,7,0,0,0,0,0,0,-1,1,0
0,1,0,0,0,0,7,0,0,0,0,0,7,0,0,10,4,0,3,8,0,0,2,9,0,0,0,1,7,0,0,8,0,0,0,0,1,7,9,0,10,0,0,0,0,0,0,0,6,0,1,0,0,0,7,12,0,1,3,2,0,7,0,0,0,0,0,0,-1,0,0
0,1,0,0,0,0,7,0,0,0,0,0,7,0,0,10,4,0,3,8,0,0,2,9,0,0,0,1,7,0,0,8,0,0,0,0,1,7,9,0,3,0,0,0,0,0,0,0,6,0,1,0,0,0,7,12,0,1,0,2,0,7,0,0,0,0,0,0,-1,1,0
0,1,0,0,0,0,7,0,0,0,0,0,7,0,10,0,4,0,3,8,0,0,2,9,0,0,0,1,7,0,0,8,0,0,0,0,1,7,9,0,3,0,0,0,0,0,0,0,6,0,1,0,0,0,7,12,0,1,0,2,0,7,0,0,0,0,0,0,-1,0,0
0,1,0,0,0,2,7,0,0,0,0,0,7,0,10,0,4,0,3,8,0,0,0,9,0,0,0,1,7,0,0,8,0,0,0,0,1,7,9,0,3,0,0,0,0,0,0,0,6,0,1,0,0,0,7,12,0,1,0,2,0,7,0,0,0,0,0,0,-1,1,0
0,1,0,0,0,2,7,0,0,0,0,0,7,0,10,0,4,0,3,8,0,8,0,9,0,0,0,1,7,0,0,0,0,0,0,0,1,7,9,0,3,0,0,0,0,0,0,0,6,0,1,0,0,0,7,12,0,1,0,2,0,7,0,0,0,0,0,0,-1,0,0
0,1,0,0,0,2,7,0,0,0,0,0,7,0,10,0,4,0,3,8,0,8,0,9,0,0,0,1,7,0,0,0,0,0,0,0,1,7,9,0,3,0,0,0,0,0,0,0,6,0,1,0,0,2,7,12,0,1,0,0,0,7,0,0,0,0,0,0,-1,1,0
0,1,0,0,0,2,7,0,0,0,0,0,7,0,10,0,4,0,3,8,0,8,0,9,0,0,0,1,7,0,0,0,0,0,0,0,1,7,0,0,3,0,0,0,0,0,0,0,6,0,1,0,9,2,7,12,0,1,0,0,0,7,0,0,0,0,0,0,-1,0,0
0,1,0,0,0,2,7,0,0,0,0,0,7,0,10,0,0,0,3,8,0,8,0,9,4,0,0,1,7,0,0,0,0,0,0,0,1,7,0,0,3,0,0,0,0,0,0,0,6,0,1,0,9,2,7,12,0,1,0,0,0,7,0,0,0,0,0,0,-1,1,0
0,1,0,0,0,2,7,0,0,0,0,7,0,0,10,0,0,0,3,8,0,8,0,9,4,0,0,1,7,0,0,0,0,0,0,0,1,7,0,0,3,0,0,0,0,0,0,0,6,0,1,0,9,2,7,12,0,1,0,0,0,7,0,0,0,0,0,0,-1,0,0
3,1,0,0,0,2,7,0,0,0,0,7,0,0,10,0,0,0,0,8,0,8,0,9,4,0,0,1,7,0,0,0,0,0,0,0,1,7,0,0,3,0,0,0,0,0,0,0,6,0,1,0,9,2,7,12,0,1,0,0,0,7,0,0,0,0,0,0,-1,1,0
3,1,0,0,0,2,7,0,0,0,0,7,0,0,0,0,0,0,0,8,0,8,0,9,4,0,0,1,7,0,0,0,0,0,0,0,1,7,0,0,3,0,0,0,0,0,10,0,6,0,1,0,9,2,7,12,0,1,0,0,0,7,0,0,0,0,0,0,-1,0,0
3,1,0,0,0,0,7,0,0,0,0,7,0,0,0,0,0,0,0,8,2,8,0,9,4,0,0,1,7,0,0,0,0,0,0,0,1,7,0,0,3,0,0,0,0,0,10,0,6,0,1,0,9,2,7,12,0,1,0,0,0,7,0,0,0,0,0,0,-1,1,0
3,1,0,0,0,0,7,0,0,0,0,7,0,0,0,0,0,0,0,0,2,8,0,9,4,0,0,1,7,0,0,0,0,0,8,0,1,7,0,0,3,0,0,0,0,0,10,0,6,0,1,0,9,2,7,12,0,1,0,0,0,7,0,0,0,0,0,0,-1,0,0
3,1,0,0,0,0,7,0,4,0,0,7,0,0,0,0,0,0,0,0,2,8,0,9,0,0,0,1,7,0,0,0,0,0,8,0,1,7,0,0,3,0,0,0,0,0,10,0,6,0,1,0,9,2,7,12,0,1,0,0,0,7,0,0,0,0,0,0,-1,1,0
3,1,0,0,0,0,7,0,4,0,0,7,0,0,0,0,0,0,0,0,2,8,0,9,0,0,0,1,7,0,0,0,0,0,0,0,1,7,0,0,8,0,0,0,0,0,10,0,6,0,1,0,9,2,7,12,0,1,0,0,0,7,0,0,0,0,0,0,-1,0,0
3,1,0,0,0,0,7,0,0,0,0,7,0,0,0,0,0,0,0,0,2,8,0,9,0,0,0,1,7,0,0,0,0,0,0,0,1,7,0,0,4,0,0,0,0,0,10,0,6,0,1,0,9,2,7,12,0,1,0,0,0,7,0,0,0,0,0,0,-1,1,0
3,1,0,0,0,0,7,0,0,0,0,7,0,0,0,0,0,0,0,0,2,8,0,9,0,0,0,1,7,0,0,0,0,0,9,0,1,7,0,0,4,0,0,0,0,0,10,0,6,0,1,0,0,2,7,12,0,1,0,0,0,7,0,0,0,0,0,0,-1,0,0
3,1,0,0,0,0,7,0,0,0,0,7,0,0,0,0,0,0,0,0,2,8,0,9,0,0,0,1,7,0,0,0,0,0,9,0,1,7,0,0,4,0,0,0,0,0,10,0,0,6,1,0,0,2,7,12,0,1,0,0,0,7,0,0,0,0,0,0,-1,1,0
3,1,0,0,0,0,7,0,0,0,0,7,0,0,0,0,0,0,0,0,2,0,0,9,0,0,0,8,7,0,0,0,0,0,9,0,1,7,0,0,4,0,0,0,0,0,10,0,0,6,1,0,0,2,7,12,0,1,0,0,0,7,0,0,0,0,0,0,-1,0,0
3,1,0,0,0,0,7,0,0,0,0,7,0,0,0,0,0,0,0,0,2,0,0,9,0,0,0,8,7,0,0,0,4,0,9,0,1,7,0,0,0,0,0,0,0,0,10,0,0,6,1,0,0,2,7,12,0,1,0,0,0,7,0,0,0,0,0,0,-1,1,0
3,1,0,0,0,0,7,0,0,0,0,7,0,0,0,0,0,0,0,0,2,0,0,9,0,0,0,8,7,0,0,0,4,0,9,0,1,7,0,0,0,10,0,0,0,0,0,0,0,6,1,0,0,2,7,12,0,1,0,0,0,7,0,0,0,0,0,0,-1,0,0
3,1,0,0,0,0,7,0,0,0,0,7,0,0,0,0,0,0,0,0,2,0,0,9,0,0,0,8,7,0,0,0,4,0,9,0,1,7,0,0,0,10,0,0,0,0,0,0,0,0,1,0,0,2,7,12,0,1,6,0,0,7,0,0,0,0,0,0,-1,1,0
4,1,0,0,0,0,7,10,2,1,0,0,0,0,7,8,3,1,0,0,0,0,7,9,5,1,0,0,0,0,7,11,6,1,0,0,0,0,7,12,3,1,0,0,0,0,7,9,2,1,0,0,0,0,7,8,4,1,0,0,0,0,7,10,1,1,1,1,-1,0,0.5
4,1,0,0,0,0,7,10,2,1,0,0,0,0,7,8,3,1,0,0,0,0,7,9,5,1,0,0,0,0,7,11,6,1,0,0,0,0,7,12,3,1,2,0,0,0,7,9,0,1,0,0,0,0,7,8,4,1,0,0,0,0,7,10,1,1,1,1,-1,1,0.5
4,1,0,0,0,0,7,10,2,1,0,0,0,0,7,8,3,1,0,0,0,0,7,9,5,1,0,0,7,0,0,11,6,1,0,0,0,0,7,12,3,1,2,0,0,0,7,9,0,1,0,0,0,0,7,8,4,1,0,0,0,0,7,10,1,1,1,1,3,0,0.5
4,1,0,0,0,0,7,10,2,1,0,0,0,0,7,8,3,1,0,0,0,0,7,9,5,1,0,0,7,0,0,11,6,1,0,0,0,0,7,12,3,1,2,0,0,0,7,9,0,0,1,0,0,0,7,8,4,1,0,0,0,0,7,10,1,1,1,1,-1,1,0.5
4,1,0,0,0,0,7,10,2,1,0,0,0,0,7,8,3,1,0,0,0,0,7,9,5,1,0,0,7,0,0,11,6,1,0,0,0,0,7,12,3,1,2,0,0,0,7,9,0,0,1,0,0,7,0,8,4,1,0,0,0,0,7,10,1,1,1,1,-1,0,0.5
4,1,0,0,0,0,7,10,2,1,0,0,0,0,7,8,3,1,0,0,0,0,7,9,5,1,0,0,7,0,0,11,6,1,0,0,0,0,7,12,0,1,2,0,0,0,7,9,0,3,1,0,0,7,0,8,4,1,0,0,0,0,7,10,1,1,1,1,-1,1,0.5
4,1,0,0,0,0,7,10,2,1,0,0,0,0,7,8,3,1,0,0,0,0,7,9,5,1,0,0,7,0,0,11,6,1,0,0,0,0,7,12,0,1,2,0,0,0,7,0,0,3,1,0,0,7,9,8,4,1,0,0,0,0,7,10,1,1,1,1,-1,0,0.5
4,1,0,0,0,0,7,10,2,1,0,0,0,0,7,8,3,1,0,0,0,0,7,9,5,0,0,1,7,0,0,11,6,1,0,0,0,0,7,12,0,1,2,0,0,0,7,0,0,3,1,0,0,7,9,8,4,1,0,0,0,0,7,10,1,1,1,1,3,1,0.5
4,1,0,0,0,0,7,10,2,1,0,0,0,0,7,8,3,1,0,0,0,7,0,9,5,0,0,1,7,0,0,11,6,1,0,0,0,0,7,12,0,1,2,0,0,0,7,0,0,3,1,0,0,7,9,8,4,1,0,0,0,0,7,10,1,1,1,1,-1,0,0.5
4,1,0,0,0,0,7,10,2,1,0,0,0,0,7,8,3,1,0,0,0,7,0,9,5,0,0,1,7,0,0,11,0,1,0,0,0,0,7,12,4,1,2,0,0,0,7,0,6,3,1,0,0,7,9,8,0,1,0,0,0,0,7,10,0,0,1,1,-1,1,0.5
4,1,0,0,0,0,7,10,2,1,0,0,0,0,7,8,3,1,0,0,0,7,0,9,5,0,0,1,7,0,0,11,0,1,0,0,0,0,7,12,4,1,2,0,0,8,7,0,6,3,1,0,0,7,9,0,0,1,0,0,0,0,7,10,0,0,1,1,-1,0,0.5
4,1,0,0,0,0,7,10,2,0,1,0,0,0,7,8,3,1,0,0,0,7,0,9,5,0,0,1,7,0,0,11,0,1,0,0,0,0,7,12,4,1,2,0,0,8,7,0,6,3,1,0,0,7,9,0,0,1,0,0,0,0,7,10,0,0,1,1,-1,1,0.5
4,1,0,0,0,0,7,10,2,0,1,0,0,0,7,8,3,1,0,0,0,7,0,9,5,0,0,1,7,0,0,11,0,1,0,0,0,0,7,0,4,1,2,0,0,8,7,10,6,3,1,0,0,7,9,12,0,1,0,0,0,0,7,0,0,0,0,0,-1,0,0.5
4,1,0,0,0,0,7,10,2,3,1,0,0,0,7,8,0,1,0,0,0,7,0,9,5,0,0,1,7,0,0,11,0,1,0,0,0,0,7,0,4,1,2,0,0,8,7,10,6,3,1,0,0,7,9,12,0,1,0,0,0,0,7,0,0,0,0,0,-1,1,0.5
4,1,0,0,0,0,7,10,2,3,1,0,0,0,7,8,0,1,0,0,0,7,0,0,5,0,0,1,7,0,0,11,0,1,0,0,0,0,7,0,4,1,2,0,9,8,7,10,6,3,1,0,0,7,9,12,0,1,0,0,0,0,7,0,0,0,0,0,-1,0,0.5
4,1,0,0,0,0,7,10,2,3,1,0,0,0,7,8,0,0,0,1,0,7,0,0,5,0,0,1,7,0,0,11,0,1,0,0,0,0,7,0,4,1,2,0,9,8,7,10,6,3,1,0,0,7,9,12,0,1,0,0,0,0,7,0,0,0,0,0,2,1,0.5
4,1,0,0,0,0,7,10,2,3,1,0,0,0,7,0,0,0,0,1,0,7,0,0,5,0,0,1,7,0,8,11,0,1,0,0,0,0,7,0,4,1,2,0,9,8,7,10,6,3,1,0,0,7,9,12,0,1,0,0,0,0,7,0,0,0,0,0,-1,0,0.5
4,1,0,0,0,0,7,10,0,3,1,0,0,0,7,0,0,0,2,1,0,7,0,0,5,0,0,1,7,0,8,11,0,1,0,0,0,0,7,0,4,1,2,0,9,8,7,10,6,3,1,0,0,7,9,12,0,1,0,0,0,0,7,0,0,0,0,0,-1,1,0.5
4,1,0,0,0,0,7,10,0,3,1,0,0,0,7,0,0,0,2,7,0,7,0,0,5,0,0,1,0,0,8,11,0,1,0,0,0,0,7,0,4,1,2,0,9,8,7,10,6,3,1,0,0,7,9,12,0,1,0,0,0,0,7,0,0,0,0,0,-1,0,0.5
4,1,0,0,0,0,7,10,0,3,0,0,0,0,7,0,0,0,2,1,0,7,0,0,5,0,0,1,0,0,8,11,0,1,0,0,0,0,7,0,4,1,2,0,9,8,7,10,6,3,1,0,0,7,9,12,0,1,0,0,0,0,7,0,0,0,0,0,-1,1,0.5
4,1,0,0,0,0,7,10,0,3,0,0,0,8,7,0,0,0,2,1,0,7,0,0,5,0,0,1,0,0,0,11,0,1,0,0,0,0,7,0,4,1,2,0,9,8,7,10,6,3,1,0,0,7,9,12,0,1,0,0,0,0,7,0,0,0,0,0,-1,0,0.5
4,1,0,0,0,0,7,10,0,3,0,0,0,8,7,0,0,0,2,0,1,7,0,0,5,0,0,1,0,0,0,11,0,1,0,0,0,0,7,0,4,1,2,0,9,8,7,10,6,3,1,0,0,7,9,12,0,1,0,0,0,0,7,0,0,0,0,0,-1,1,0.5
4,1,0,0,0,0,7,10,0,3,0,0,0,0,7,0,0,0,2,8,1,7,0,0,5,0,0,1,0,0,0,11,0,1,0,0,0,0,7,0,4,1,2,0,9,8,7,10,6,3,1,0,0,7,9,12,0,1,0,0,0,0,7,0,0,0,0,0,-1,0,0.5
4,1,0,0,0,0,7,10,0,0,0,0,0,0,7,0,3,0,2,8,1,7,0,0,5,0,0,1,0,0,0,11,0,1,0,0,0,0,7,0,4,1,2,0,9,8,7,10,6,3,1,0,0,7,9,12,0,1,0,0,0,0,7,0,0,0,0,0,-1,1,0.5
4,1,0,0,0,0,7,10,0,0,0,0,0,0,7,0,3,0,2,8,1,7,0,0,5,0,0,1,8,0,0,11,0,1,0,0,0,0,7,0,4,1,2,0,9,0,7,10,6,3,1,0,0,7,9,12,0,1,0,0,0,0,7,0,0,0,0,0,-1,0,0.5
4,1,0,0,0,0,7,10,0,0,5,0,0,0,7,0,3,0,2,8,1,7,0,0,0,0,0,1,8,0,0,11,0,1,0,0,0,0,7,0,4,1,2,0,9,0,7,10,6,3,1,0,0,7,9,12,0,1,0,0,0,0,7,0,0,0,0,0,-1,1,0.5
4,1,0,0,8,0,7,10,0,0,5,0,0,0,7,0,3,0,2,0,1,7,0,0,0,0,0,1,8,0,0,11,0,1,0,0,0,0,7,0,4,1,2,0,9,0,7,10,6,3,1,0,0,7,9,12,0,1,0,0,0,0,7,0,0,0,0,0,-1,0,0.5
4,1,5,0,8,0,7,10,0,0,0,0,0,0,7,0,3,0,2,0,1,7,0,0,0,0,0,1,8,0,0,11,0,1,0,0,0,0,7,0,4,1,2,0,9,0,7,10,6,3,1,0,0,7,9,12,0,1,0,0,0,0,7,0,0,0,0,0,-1,1,0.5
4,1,5,0,0,0,7,10,0,0,0,0,0,0,7,0,3,0,2,8,1,7,0,0,0,0,0,1,8,0,0,11,0,1,0,0,0,0,7,0,4,1,2,0,9,0,7,10,6,3,1,0,0,7,9,12,0,1,0,0,0,0,7,0,0,0,0,0,-1,0,0.5
4,1,0,0,0,0,7,10,0,0,5,0,0,0,7,0,3,0,2,8,1,7,0,0,0,0,0,1,8,0,0,11,0,1,0,0,0,0,7,0,4,1,2,0,9,0,7,10,6,3,1,0,0,7,9,12,0,1,0,0,0,0,7,0,0,0,0,0,-1,1,0.5
4,1,0,0,8,0,7,10,0,0,5,0,0,0,7,0,3,0,2,0,1,7,0,0,0,0,0,1,8,0,0,11,0,1,0,0,0,0,7,0,4,1,2,0,9,0,7,10,6,3,1,0,0,7,9,12,0,1,0,0,0,0,7,0,0,0,0,0,-1,0,0.5
4,1,5,0,8,0,7,10,0,0,0,0,0,0,7,0,3,0,2,0,1,7,0,0,0,0,0,1,8,0,0,11,0,1,0,0,0,0,7,0,4,1,2,0,9,0,7,10,6,3,1,0,0,7,9,12,0,1,0,0,0,0,7,0,0,0,0,0,-1,1,0.5
4,1,0,0,0,0,7,10,2,1,0,0,0,0,7,8,3,1,0,0,0,0,7,9,5,1,0,0,0,0,7,11,6,1,0,0,0,0,7,12,3,1,0,0,0,0,7,9,2,1,0,0,0,0,7,8,4,1,0,0,0,0,7,10,1,1,1,1,-1,0,0.5
4,1,0,0,0,0,7,10,2,1,0,0,0,0,7,8,3,1,0,0,0,0,7,9,5,0,0,1,0,0,7,11,6,1,0,0,0,0,7,12,3,1,0,0,0,0,7,9,2,1,0,0,0,0,7,8,4,1,0,0,0,0,7,10,1,1,1,1,3,1,0.5
4,1,0,0,0,0,7,10,2,1,0,0,0,0,7,8,3,1,0,0,0,0,7,9,5,0,0,1,0,0,7,11,6,1,0,0,0,0,7,12,3,1,0,0,0,8,7,9,2,1,0,0,0,0,7,0,4,1,0,0,0,0,7,10,1,1,1,1,-1,0,0.5
4,1,0,0,0,0,7,10,2,1,0,0,0,0,7,8,3,0,0,1,0,0,7,9,5,0,0,1,0,0,7,11,6,1,0,0,0,0,7,12,3,1,0,0,0,8,7,9,2,1,0,0,0,0,7,0,4,1,0,0,0,0,7,10,1,1,1,1,2,1,0.5
4,1,0,0,0,0,7,10,2,1,0,0,0,0,7,8,3,0,0,1,0,0,7,9,5,0,0,1,0,0,7,11,6,1,0,0,0,7,0,12,3,1,0,0,0,8,7,9,2,1,0,0,0,0,7,0,4,1,0,0,0,0,7,10,1,1,1,1,-1,0,0.5
4,1,0,0,0,0,7,10,2,1,0,0,0,0,7,8,3,0,0,1,0,0,7,9,5,0,0,1,0,0,7,11,6,1,0,0,0,7,0,12,3,1,2,0,0,8,7,9,0,1,0,0,0,0,7,0,4,1,0,0,0,0,7,10,1,1,1,1,-1,1,0.5
4,1,0,0,0,0,7,10,2,1,0,0,0,0,7,8,3,0,0,1,0,0,7,9,5,0,0,1,7,0,0,11,6,1,0,0,0,7,0,12,3,1,2,0,0,8,7,9,0,1,0,0,0,0,7,0,4,1,0,0,0,0,7,10,1,1,1,1,3,0,0.5
4,1,0,0,0,0,7,10,0,1,0,0,0,0,7,8,3,0,2,1,0,0,7,9,5,0,0,1,7,0,0,11,6,1,0,0,0,7,0,12,3,1,2,0,0,8,7,9,0,1,0,0,0,0,7,0,4,1,0,0,0,0,7,10,1,1,1,1,-1,1,0.5
4,1,0,0,0,0,7,10,0,1,0,0,0,0,7,8,3,0,2,1,0,0,7,9,5,0,0,1,7,0,0,11,6,1,0,0,0,7,9,12,3,1,2,0,0,8,7,0,0,1,0,0,0,0,7,0,4,1,0,0,0,0,7,10,1,1,1,1,-1,0,0.5
4,1,0,0,0,0,7,10,0,1,0,0,0,0,7,8,0,0,2,1,0,0,7,9,5,0,0,1,7,0,0,11,6,1,0,0,0,7,9,12,3,1,2,0,0,8,7,0,0,1,0,0,3,0,7,0,4,1,0,0,0,0,7,10,1,1,1,1,-1,1,0.5
4,1,0,0,0,0,7,10,0,1,0,0,0,0,7,8,0,0,2,1,0,0,7,9,5,0,0,1,7,0,0,11,6,1,0,0,0,7,9,12,3,1,2,0,0,8,7,0,0,1,0,0,3,0,7,0,4,1,0,0,0,7,0,10,1,1,1,1,-1,0,0.5
4,1,0,0,0,0,7,10,0,1,0,0,0,0,7,8,0,0,2,1,0,0,7,9,5,0,0,1,7,0,0,11,6,1,0,0,0,7,9,12,3,1,2,0,0,8,7,0,0,1,0,0,0,0,7,0,4,1,0,3,0,7,0,10,1,1,1,1,-1,1,0.5
4,1,0,0,0,0,7,10,0,1,0,0,0,0,7,8,0,0,2,1,0,0,7,9,5,0,0,1,7,0,0,11,6,1,0,0,0,7,9,0,3,1,2,0,0,8,7,10,0,1,0,0,0,0,7,12,4,1,0,3,0,7,0,0,1,1,0,0,-1,0,0.5
4,1,0,0,0,0,7,10,0,1,0,0,0,0,7,8,0,0,2,1,0,0,7,9,5,0,0,1,7,0,0,11,6,0,1,0,0,7,9,0,3,1,2,0,0,8,7,10,0,1,0,0,0,0,7,12,4,1,0,3,0,7,0,0,1,1,0,0,-1,1,0.5
4,1,0,0,0,0,7,10,0,1,0,0,0,0,7,0,0,0,2,1,0,0,7,9,5,0,0,1,7,0,8,11,6,0,1,0,0,7,9,0,3,1,2,0,0,8,7,10,0,1,0,0,0,0,7,12,4,1,0,3,0,7,0,0,1,1,0,0,-1,0,0.5
4,1,0,0,0,0,7,10,0,1,0,0,0,0,7,0,0,5,2,1,0,0,7,9,0,0,0,1,7,0,8,11,6,0,1,0,0,7,9,0,3,1,2,0,0,8,7,10,0,1,0,0,0,0,7,12,4,1,0,3,0,7,0,0,1,1,0,0,-1,1,0.5
4,1,0,0,0,0,7,10,0,1,0,0,0,0,7,0,0,5,2,1,7,0,0,9,0,0,0,1,7,0,8,11,6,0,1,0,0,7,9,0,3,1,2,0,0,8,7,10,0,1,0,0,0,0,7,12,4,1,0,3,0,7,0,0,1,1,0,0,2,0,0.5
4,1,0,0,0,0,7,10,0,1,0,0,0,0,7,0,0,5,2,0,7,0,0,9,0,0,0,1,1,0,8,11,6,0,1,0,0,7,9,0,3,1,2,0,0,8,7,10,0,1,0,0,0,0,7,12,4,1,0,3,0,7,0,0,1,1,0,0,-1,1,0.5
4,1,0,0,0,0,7,10,0,1,0,0,0,0,7,0,0,5,2,0,7,0,0,9,0,0,0,1,8,0,8,11,6,0,1,0,0,7,9,0,3,1,2,0,0,0,7,10,0,1,0,0,0,0,7,12,4,1,0,3,0,7,0,0,1,1,0,0,-1,0,0.5
4,1,0,0,0,0,7,10,0,1,0,0,0,0,7,0,0,5,2,0,7,0,0,9,0,0,0,1,8,0,8,11,6,0,1,0,0,7,3,0,3,1,2,0,0,0,7,10,0,1,0,0,0,0,7,12,4,1,0,0,0,7,0,0,1,1,0,0,-1,1,0.5
4,1,0,0,0,0,7,10,0,1,0,0,0,0,7,0,0,5,2,0,7,0,0,9,0,0,0,1,8,0,8,0,6,0,1,0,0,7,11,0,3,1,2,0,0,0,7,10,0,1,0,0,0,0,7,12,4,1,0,0,0,7,0,0,1,1,0,0,-1,0,0.5
4,1,0,0,0,0,7,10,0,1,0,0,0,0,7,0,0,5,2,0,7,0,0,9,0,0,0,1,8,0,8,0,6,3,1,0,0,7,11,0,0,1,2,0,0,0,7,10,0,1,0,0,0,0,7,12,4,1,0,0,0,7,0,0,1,1,0,0,-1,1,0.5
4,1,0,0,0,0,7,10,0,1,0,0,0,0,7,0,0,5,8,0,7,0,0,9,0,0,0,1,0,0,8,0,6,3,1,0,0,7,11,0,0,1,2,0,0,0,7,10,0,1,0,0,0,0,7,12,4,1,0,0,0,7,0,0,1,1,0,0,-1,0,0.5
4,1,0,0,0,0,7,10,0,1,0,0,0,0,7,0,0,0,5,0,7,0,0,9,0,0,0,1,0,0,8,0,6,3,1,0,0,7,11,0,0,1,2,0,0,0,7,10,0,1,0,0,0,0,7,12,4,1,0,0,0,7,0,0,1,1,0,0,-1,1,0.5
4,1,0,0,0,0,7,10,0,1,0,0,0,7,0,0,0,0,5,0,7,0,0,9,0,0,0,1,0,0,8,0,6,3,1,0,0,7,11,0,0,1,2,0,0,0,7,10,0,1,0,0,0,0,7,12,4,1,0,0,0,7,0,0,1,1,0,0,-1,0,0.5
4,1,0,0,0,0,7,10,0,1,0,0,0,7,0,0,0,0,5,0,7,0,0,9,0,0,0,1,0,0,8,0,0,3,1,0,0,7,11,0,4,1,2,0,0,0,7,10,6,1,0,0,0,0,7,12,0,1,0,0,0,7,0,0,0,0,0,0,-1,1,0.5
4,1,0,0,0,0,7,10,0,1,0,0,0,7,9,0,0,0,5,0,7,0,0,0,0,0,0,1,0,0,8,0,0,3,1,0,0,7,11,0,4,1,2,0,0,0,7,10,6,1,0,0,0,0,7,12,0,1,0,0,0,7,0,0,0,0,0,0,-1,0,0.5
0,1,0,0,0,0,7,10,0,1,0,0,0,7,9,0,4,0,5,0,7,0,0,0,0,0,0,1,0,0,8,0,0,3,1,0,0,7,11,0,4,1,2,0,0,0,7,10,6,1,0,0,0,0,7,12,0,1,0,0,0,7,0,0,0,0,0,0,-1,1,0.5
0,1,0,0,0,0,7,10,0,1,0,0,0,7,9,0,4,0,5,0,7,0,0,10,0,0,0,1,0,0,8,0,0,3,1,0,0,7,11,0,4,1,2,0,0,0,7,0,6,1,0,0,0,0,7,12,0,1,0,0,0,7,0,0,0,0,0,0,-1,0,0.5
0,1,5,0,0,0,7,10,0,1,0,0,0,7,9,0,4,0,0,0,7,0,0,10,0,0,0,1,0,0,8,0,0,3,1,0,0,7,11,0,4,1,2,0,0,0,7,0,6,1,0,0,0,0,7,12,0,1,0,0,0,7,0,0,0,0,0,0,-1,1,0.5
0,1,5,0,0,0,7,10,0,1,0,0,0,7,9,0,4,0,0,0,7,0,0,10,0,0,0,1,0,0,8,0,0,3,1,0,0,7,0,0,4,1,2,0,0,0,7,11,6,1,0,0,0,0,7,12,0,1,0,0,0,7,0,0,0,0,0,0,-1,0,0.5
0,1,5,0,0,0,7,10,0,1,0,0,3,7,9,0,4,0,0,0,7,0,0,10,0,0,0,1,0,0,8,0,0,0,1,0,0,7,0,0,4,1,2,0,0,0,7,11,6,1,0,0,0,0,7,12,0,1,0,0,0,7,0,0,0,0,0,0,-1,1,0.5
0,1,5,0,0,0,7,10,0,1,0,0,3,7,9,0,4,0,0,0,7,0,0,10,0,0,0,1,0,0,0,0,0,0,1,0,0,7,0,0,4,1,2,0,0,8,7,11,6,1,0,0,0,0,7,12,0,1,0,0,0,7,0,0,0,0,0,0,-1,0,0.5
0,1,5,0,0,0,7,10,0,1,0,0,3,7,9,0,4,0,0,0,1,0,0,10,0,0,0,0,0,0,0,0,0,0,1,0,0,7,0,0,4,1,2,0,0,8,7,11,6,1,0,0,0,0,7,12,0,1,0,0,0,7,0,0,0,0,0,0,-1,1,0.5
0,1,5,0,0,0,7,10,0,1,0,0,3,7,0,0,4,0,0,0,1,0,0,10,0,0,0,0,0,0,0,0,0,0,1,0,0,7,0,0,4,1,9,0,0,8,7,11,6,1,0,0,0,0,7,12,0,1,0,0,0,7,0,0,0,0,0,0,-1,0,0.5
0,1,5,0,0,0,7,10,0,1,0,0,3,7,0,0,4,0,0,0,1,0,0,10,0,0,0,0,0,0,0,0,0,0,1,0,0,7,0,0,4,1,1,0,0,8,7,11,6,0,0,0,0,0,7,12,0,1,0,0,0,7,0,0,0,0,0,0,-1,1,0.5
0,1,5,0,0,0,7,10,0,1,0,0,3,0,0,0,4,0,0,0,7,0,0,10,0,0,0,0,0,0,0,0,0,0,1,0,0,7,0,0,4,1,1,0,0,8,7,11,6,0,0,0,0,0,7,12,0,1,0,0,0,7,0,0,0,0,0,0,-1,0,0.5
0,1,5,0,0,0,7,10,0,1,0,0,3,0,0,0,4,0,0,0,7,0,0,10,4,0,0,0,0,0,0,0,0,0,1,0,0,7,0,0,0,1,1,0,0,8,7,11,6,0,0,0,0,0,7,12,0,1,0,0,0,7,0,0,0,0,0,0,-1,1,0.5
0,1,5,0,0,0,7,0,0,1,0,0,3,0,0,10,4,0,0,0,7,0,0,10,4,0,0,0,0,0,0,0,0,0,1,0,0,7,0,0,0,1,1,0,0,8,7,11,6,0,0,0,0,0,7,12,0,1,0,0,0,7,0,0,0,0,0,0,-1,0,0.5
0,1,5,0,0,0,7,0,0,1,0,0,0,0,0,10,4,0,0,0,7,0,0,10,4,0,0,0,0,0,0,0,0,0,1,0,0,7,0,0,3,1,1,0,0,8,7,11,6,0,0,0,0,0,7,12,0,1,0,0,0,7,0,0,0,0,0,0,-1,1,0.5
0,1,5,0,0,0,7,0,0,1,0,0,0,0,0,10,4,0,0,0,7,0,0,10,4,0,0,0,8,0,0,0,0,0,1,0,0,7,0,0,3,1,1,0,0,0,7,11,6,0,0,0,0,0,7,12,0,1,0,0,0,7,0,0,0,0,0,0,-1,0,0.5
0,1,5,0,0,0,7,0,0,1,0,0,0,0,0,10,4,0,0,0,7,0,0,10,4,0,0,0,8,0,0,0,0,0,1,0,0,7,0,0,3,1,0,1,0,0,7,11,6,0,0,0,0,0,7,12,0,1,0,0,0,7,0,0,0,0,0,0,-1,1,0.5
0,1,5,0,0,0,7,0,0,1,0,0,0,0,0,10,4,0,0,0,7,0,0,10,4,0,0,0,8,0,0,0,0,0,1,0,0,7,11,0,3,1,0,1,0,0,7,0,6,0,0,0,0,0,7,12,0,1,0,0,0,7,0,0,0,0,0,0,-1,0,0.5
0,1,5,0,0,0,7,0,0,1,0,0,0,0,0,10,4,0,0,0,7,0,0,10,4,0,0,0,8,0,0,0,0,0,1,0,0,7,11,0,0,1,0,1,0,0,7,0,6,3,0,0,0,0,7,12,0,1,0,0,0,7,0,0,0,0,0,0,-1,1,0.5
0,1,5,0,0,0,7,0,0,1,0,0,0,8,0,10,4,0,0,0,7,0,0,10,4,0,0,0,0,0,0,0,0,0,1,0,0,7,11,0,0,1,0,1,0,0,7,0,6,3,0,0,0,0,7,12,0,1,0,0,0,7,0,0,0,0,0,0,-1,0,0.5
0,1,5,0,0,0,7,0,0,0,1,0,0,8,0,10,4,0,0,0,7,0,0,10,4,0,0,0,0,0,0,0,0,0,1,0,0,7,11,0,0,1,0,1,0,0,7,0,6,3,0,0,0,0,7,12,0,1,0,0,0,7,0,0,0,0,0,0,-1,1,0.5
0,1,5,0,0,0,7,0,0,0,1,0,0,8,0,10,4,0,0,0,7,0,10,0,4,0,0,0,0,0,0,0,0,0,1,0,0,7,11,0,0,1,0,1,0,0,7,0,6,3,0,0,0,0,7,12,0,1,0,0,0,7,0,0,0,0,0,0,-1,0,0.5
0,1,0,0,5,0,7,0,0,0,1,0,0,8,0,10,4,0,0,0,7,0,10,0,4,0,0,0,0,0,0,0,0,0,1,0,0,7,11,0,0,1,0,1,0,0,7,0,6,3,0,0,0,0,7,12,0,1,0,0,0,7,0,0,0,0,0,0,-1,1,0.5
0,1,0,0,5,0,7,0,0,0,1,0,0,8,0,10,4,0,0,7,0,0,10,0,4,0,0,0,0,0,0,0,0,0,1,0,0,7,11,0,0,1,0,1,0,0,7,0,6,3,0,0,0,0,7,12,0,1,0,0,0,7,0,0,0,0,0,0,-1,0,0.5
0,1,0,0,5,0,7,0,0,0,0,0,0,8,0,10,4,0,0,1,0,0,10,0,4,0,0,0,0,0,0,0,0,0,1,0,0,7,11,0,0,1,0,1,0,0,7,0,6,3,0,0,0,0,7,12,0,1,0,0,0,7,0,0,0,0,0,0,-1,1,0.5
0,1,0,0,5,0,7,0,0,0,0,0,0,0,0,10,4,0,0,8,0,0,10,0,4,0,0,0,0,0,0,0,0,0,1,0,0,7,11,0,0,1,0,1,0,0,7,0,6,3,0,0,0,0,7,12,0,1,0,0,0,7,0,0,0,0,0,0,-1,0,0.5
0,1,0,0,0,5,7,0,0,0,0,0,0,0,0,10,4,0,0,8,0,0,10,0,4,0,0,0,0,0,0,0,0,0,1,0,0,7,11,0,0,1,0,1,0,0,7,0,6,3,0,0,0,0,7,12,0,1,0,0,0,7,0,0,0,0,0,0,-1,1,0.5
0,1,0,0,0,5,7,0,0,8,0,0,0,0,0,10,4,0,0,0,0,0,10,0,4,0,0,0,0,0,0,0,0,0,1,0,0,7,11,0,0,1,0,1,0,0,7,0,6,3,0,0,0,0,7,12,0,1,0,0,0,7,0,0,0,0,0,0,-1,0,0.5
0,1,0,0,0,5,7,0,0,8,0,0,0,0,0,10,0,0,0,0,0,0,4,0,4,0,0,0,0,0,0,0,0,0,1,0,0,7,11,0,0,1,0,1,0,0,7,0,6,3,0,0,0,0,7,12,0,1,0,0,0,7,0,0,0,0,0,0,-1,1,0.5
0,1,0,0,0,5,7,0,0,8,0,0,0,0,0,10,0,0,0,0,0,0,11,0,4,0,0,0,0,0,0,0,0,0,1,0,0,7,0,0,0,1,0,1,0,0,7,0,6,3,0,0,0,0,7,12,0,1,0,0,0,7,0,0,0,0,0,0,-1,0,0.5
0,1,0,0,0,0,7,0,0,8,0,0,0,0,0,10,0,0,0,0,0,0,11,0,4,0,0,0,0,5,0,0,0,0,1,0,0,7,0,0,0,1,0,1,0,0,7,0,6,3,0,0,0,0,7,12,0,1,0,0,0,7,0,0,0,0,0,0,-1,1,0.5
0,1,0,0,0,0,7,0,0,8,0,0,0,0,0,0,0,0,0,0,0,0,11,10,4,0,0,0,0,5,0,0,0,0,1,0,0,7,0,0,0,1,0,1,0,0,7,0,6,3,0,0,0,0,7,12,0,1,0,0,0,7,0,0,0,0,0,0,-1,0,0.5
0,1,0,0,0,0,7,0,0,8,0,0,0,0,0,0,0,0,0,0,0,0,5,10,4,0,0,0,0,0,0,0,0,0,1,0,0,7,0,0,0,1,0,1,0,0,7,0,6,3,0,0,0,0,7,12,0,1,0,0,0,7,0,0,0,0,0,0,-1,1,0.5
0,1,0,0,0,0,7,0,0,8,0,0,0,0,0,0,0,0,0,0,0,0,10,0,4,0,0,0,0,0,0,0,0,0,1,0,0,7,0,0,0,1,0,1,0,0,7,0,6,3,0,0,0,0,7,12,0,1,0,0,0,7,0,0,0,0,0,0,-1,0,0.5
0,1,0,0,0,0,7,0,0,8,0,0,0,0,0,0,0,0,0,0,0,0,10,0,0,0,0,0,0,0,0,4,0,0,1,0,0,7,0,0,0,1,0,1,0,0,7,0,6,3,0,0,0,0,7,12,0,1,0,0,0,7,0,0,0,0,0,0,-1,1,0.5
0,1,0,0,0,0,7,0,0,8,0,0,0,0,0,0,0,0,0,0,0,0,10,0,0,0,0,0,0,0,0,4,0,0,1,0,0,7,0,0,0,1,0,1,0,0,7,0,6,3,0,0,0,0,7,0,0,1,0,0,0,7,12,0,0,0,0,0,-1,0,0.5
0,1,0,0,0,0,7,0,0,8,0,0,0,0,0,0,0,0,0,0,0,0,10,0,0,0,0,4,0,0,0,0,0,0,1,0,0,7,0,0,0,1,0,1,0,0,7,0,6,3,0,0,0,0,7,0,0,1,0,0,0,7,12,0,0,0,0,0,-1,1,0.5
0,1,0,0,0,0,7,0,0,8,0,0,0,0,0,0,0,0,0,0,0,0,10,0,0,0,0,4,0,0,0,0,0,0,1,0,0,7,0,0,0,1,0,1,0,0,7,0,6,3,0,0,0,7,0,0,0,1,0,0,0,7,12,0,0,0,0,0,-1,0,0.5
0,1,0,0,0,0,7,0,0,8,0,0,0,0,0,0,0,0,0,0,0,0,10,0,0,0,0,4,0,0,0,0,0,0,1,0,0,7,0,0,3,1,0,1,0,0,7,0,6,0,0,0,0,7,0,0,0,1,0,0,0,7,12,0,0,0,0,0,-1,1,0.5
4,1,0,0,0,0,7,10,2,1,0,0,0,0,7,8,3,1,0,0,0,0,7,9,5,1,0,0,0,0,7,11,6,1,0,0,0,0,7,12,3,1,0,0,0,0,7,9,2,1,0,0,0,0,7,8,4,1,0,0,0,0,7,10,1,1,1,1,-1,0,1
4,1,0,0,0,0,7,10,2,1,0,0,0,0,7,8,3,1,0,0,0,0,7,9,5,1,0,0,0,0,7,11,6,0,0,1,0,0,7,12,3,1,0,0,0,0,7,9,2,1,0,0,0,0,7,8,4,1,0,0,0,0,7,10,1,1,1,1,4,1,1
4,1,0,0,0,0,7,10,2,1,0,0,0,0,7,8,3,1,0,0,0,0,7,9,5,1,0,0,0,0,7,11,6,0,0,1,7,0,0,12,3,1,0,0,0,0,7,9,2,1,0,0,0,0,7,8,4,1,0,0,0,0,7,10,1,1,1,1,4,0,1
4,1,0,0,0,0,7,10,2,1,0,0,0,0,7,8,3,1,0,0,0,0,7,9,5,1,0,0,0,0,7,11,6,0,0,1,7,0,0,12,3,1,2,0,0,0,7,9,0,1,0,0,0,0,7,8,4,1,0,0,0,0,7,10,1,1,1,1,-1,1,1
4,1,0,0,0,0,7,10,2,1,0,0,0,0,7,0,3,1,0,0,0,8,7,9,5,1,0,0,0,0,7,11,6,0,0,1,7,0,0,12,3,1,2,0,0,0,7,9,0,1,0,0,0,0,7,8,4,1,0,0,0,0,7,10,1,1,1,1,-1,0,1
4,1,0,0,0,0,7,10,2,1,0,0,0,0,7,0,3,1,0,3,0,8,7,9,5,1,0,0,0,0,7,11,6,0,0,1,7,0,0,12,0,1,2,0,0,0,7,9,0,1,0,0,0,0,7,8,4,1,0,0,0,0,7,10,1,1,1,1,-1,1,1
4,1,0,0,0,0,7,10,2,1,0,0,0,0,7,0,3,1,0,3,9,8,7,9,5,1,0,0,0,0,7,11,6,0,0,1,7,0,0,12,0,1,2,0,0,0,7,0,0,1,0,0,0,0,7,8,4,1,0,0,0,0,7,10,1,1,1,1,-1,0,1
4,1,0,0,0,0,7,10,2,1,0,0,0,0,7,0,3,1,0,3,9,8,7,9,5,1,0,0,0,0,7,11,0,0,0,1,7,0,0,12,4,1,2,0,0,0,7,0,6,1,0,0,0,0,7,8,0,1,0,0,0,0,7,10,0,0,1,1,-1,1,1
4,1,0,0,0,0,7,10,2,1,0,0,0,0,7,0,3,1,0,3,9,8,7,9,5,1,0,0,0,0,7,11,0,0,0,1,7,0,0,12,4,1,2,0,0,8,7,0,6,1,0,0,0,0,7,0,0,1,0,0,0,0,7,10,0,0,1,1,-1,0,1
4,1,0,0,0,0,7,10,2,1,0,0,0,0,7,0,3,1,0,3,9,8,7,9,5,0,1,0,0,0,7,11,0,0,0,1,7,0,0,12,4,1,2,0,0,8,7,0,6,1,0,0,0,0,7,0,0,1,0,0,0,0,7,10,0,0,1,1,-1,1,1
4,1,0,0,0,0,7,10,2,1,0,0,0,0,7,0,3,1,0,3,9,8,7,9,5,0,1,0,0,7,0,11,0,0,0,1,7,0,0,12,4,1,2,0,0,8,7,0,6,1,0,0,0,0,7,0,0,1,0,0,0,0,7,10,0,0,1,1,-1,0,1
4,1,0,0,0,0,7,10,2,1,0,0,0,0,7,0,3,0,1,3,9,8,7,9,5,0,1,0,0,7,0,11,0,0,0,1,7,0,0,12,4,1,2,0,0,8,7,0,6,1,0,0,0,0,7,0,0,1,0,0,0,0,7,10,0,0,1,1,-1,1,1
4,1,0,0,0,0,7,10,2,1,0,0,0,0,7,0,3,0,1,3,9,8,7,9,5,0,1,0,0,7,0,11,0,0,0,1,7,0,0,0,4,1,2,0,0,8,7,10,6,1,0,0,0,0,7,12,0,1,0,0,0,0,7,0,0,0,0,0,-1,0,1
4,1,0,0,0,0,7,10,2,1,0,0,0,0,7,0,0,0,1,3,9,8,7,9,5,0,1,0,0,7,0,11,0,0,0,1,7,0,0,0,4,1,2,0,0,8,7,10,6,1,0,0,3,0,7,12,0,1,0,0,0,0,7,0,0,0,0,0,-1,1,1
4,1,0,0,0,0,7,10,2,1,0,0,0,0,7,0,0,0,1,3,9,8,7,9,5,0,1,0,0,7,0,11,0,0,0,1,7,0,0,0,4,1,2,0,0,8,7,10,6,1,0,0,3,0,7,12,0,1,0,0,0,7,0,0,0,0,0,0,-1,0,1
4,1,0,0,0,0,7,10,2,1,0,0,0,0,7,0,0,0,1,3,9,8,7,9,5,0,1,0,0,7,0,11,0,0,0,1,7,0,0,0,4,1,2,0,0,8,7,10,6,1,0,0,0,0,7,12,0,1,0,3,0,7,0,0,0,0,0,0,-1,1,1
4,1,0,0,0,7,0,10,2,1,0,0,0,0,7,0,0,0,1,3,9,8,7,9,5,0,1,0,0,7,0,11,0,0,0,1,7,0,0,0,4,1,2,0,0,8,7,10,6,1,0,0,0,0,7,12,0,1,0,3,0,7,0,0,0,0,0,0,-1,0,1
4,0,0,1,0,7,0,10,2,1,0,0,0,0,7,0,0,0,1,3,9,8,7,9,5,0,1,0,0,7,0,11,0,0,0,1,7,0,0,0,4,1,2,0,0,8,7,10,6,1,0,0,0,0,7,12,0,1,0,3,0,7,0,0,0,0,0,0,0,1,1
4,0,0,1,0,7,9,10,2,1,0,0,0,0,7,0,0,0,1,3,0,8,7,9,5,0,1,0,0,7,0,11,0,0,0,1,7,0,0,0,4,1,2,0,0,8,7,10,6,1,0,0,0,0,7,12,0,1,0,3,0,7,0,0,0,0,0,0,-1,0,1
4,0,0,1,0,7,9,10,0,1,0,0,0,0,7,0,0,0,1,3,0,8,7,9,5,2,1,0,0,7,0,11,0,0,0,1,7,0,0,0,4,1,2,0,0,8,7,10,6,1,0,0,0,0,7,12,0,1,0,3,0,7,0,0,0,0,0,0,-1,1,1
4,0,0,1,0,7,9,10,0,1,0,0,0,0,7,0,0,0,1,3,0,8,7,9,5,2,1,0,0,7,0,11,0,0,0,1,7,0,0,0,4,1,2,0,0,8,7,10,6,1,0,0,7,0,0,12,0,1,0,3,0,7,0,0,0,0,0,0,6,0,1
4,0,0,1,0,7,9,10,0,1,0,0,0,0,7,0,0,0,1,3,0,8,7,9,5,2,1,0,0,7,0,11,0,0,0,1,7,0,0,0,4,1,2,0,0,8,7,10,6,1,3,0,7,0,0,12,0,1,0,0,0,7,0,0,0,0,0,0,-1,1,1
4,0,0,1,0,7,9,10,0,1,0,0,0,0,7,0,0,0,1,3,0,8,7,9,5,2,1,0,0,7,0,11,0,0,0,1,7,0,0,0,4,1,2,0,0,8,7,10,6,1,3,7,0,0,0,12,0,1,0,0,0,7,0,0,0,0,0,0,-1,0,1
4,0,0,1,0,7,9,10,0,1,0,0,0,0,7,0,0,0,1,3,0,8,7,9,5,2,1,0,0,7,0,11,0,0,0,1,7,0,0,0,4,1,0,0,0,8,7,10,6,1,3,7,0,0,0,12,0,1,0,2,0,7,0,0,0,0,0,0,-1,1,1
4,0,0,1,0,7,9,10,0,1,0,0,0,0,7,0,0,0,1,3,0,8,7,9,5,2,1,0,0,7,0,11,0,0,0,1,7,0,0,0,4,1,0,0,0,0,7,10,6,1,3,7,0,0,0,12,0,1,0,2,8,7,0,0,0,0,0,0,-1,0,1
4,0,0,1,0,7,9,10,0,1,0,0,0,0,7,0,0,0,1,3,0,8,7,9,5,2,1,0,0,7,0,11,4,0,0,1,7,0,0,0,0,1,0,0,0,0,7,10,6,1,3,7,0,0,0,12,0,1,0,2,8,7,0,0,0,0,0,0,-1,1,1
4,0,0,1,0,7,9,10,0,1,0,0,0,0,7,0,0,0,1,3,0,8,7,9,5,2,1,0,0,7,0,0,4,0,0,1,7,0,0,0,0,1,0,0,0,0,7,10,6,1,3,7,11,0,0,12,0,1,0,2,8,7,0,0,0,0,0,0,-1,0,1
4,0,0,1,0,7,9,10,0,1,0,0,0,0,7,0,0,0,1,3,0,8,7,9,5,0,1,0,0,7,0,0,4,0,0,1,7,0,0,0,2,1,0,0,0,0,7,10,6,1,3,7,11,0,0,12,0,1,0,2,8,7,0,0,0,0,0,0,-1,1,1
4,0,0,1,0,7,9,10,0,1,0,0,0,0,7,0,0,0,1,3,0,8,7,9,5,0,1,0,0,7,0,0,4,0,0,1,7,0,0,0,2,1,0,0,0,0,7,10,6,1,3,7,11,0,12,0,0,1,0,2,8,7,0,0,0,0,0,0,-1,0,1
4,0,0,1,0,7,9,10,0,1,0,0,0,0,7,0,0,0,1,3,0,8,7,9,5,0,1,0,0,7,0,0,4,0,2,1,7,0,0,0,0,1,0,0,0,0,7,10,6,1,3,7,11,0,12,0,0,1,0,2,8,7,0,0,0,0,0,0,-1,1,1
4,0,0,1,0,7,9,10,0,1,0,0,0,0,7,0,0,0,1,3,0,8,7,9,5,0,1,0,0,7,0,0,4,0,2,1,7,0,0,0,0,1,0,0,0,0,7,10,6,1,8,7,11,0,12,0,0,1,0,2,0,7,0,0,0,0,0,0,-1,0,1
4,0,0,1,0,7,9,10,0,1,0,0,0,0,7,0,0,0,1,3,0,8,7,9,5,0,1,0,0,7,0,0,4,0,2,1,7,0,0,0,0,1,0,0,0,0,7,10,6,1,1,7,11,0,12,0,0,0,0,2,0,7,0,0,0,0,0,0,-1,1,1
4,0,0,1,0,7,0,10,0,1,0,0,0,0,7,0,0,0,1,3,0,8,7,9,5,0,1,0,0,7,0,0,4,0,9,1,7,0,0,0,0,1,0,0,0,0,7,10,6,1,1,7,11,0,12,0,0,0,0,2,0,7,0,0,0,0,0,0,-1,0,1
4,0,0,1,0,7,0,10,0,1,0,0,0,0,7,0,0,0,1,3,0,8,7,9,5,0,1,0,0,7,0,0,0,0,4,1,7,0,0,0,0,1,0,0,0,0,7,10,6,1,1,7,11,0,12,0,0,0,0,2,0,7,0,0,0,0,0,0,-1,1,1
4,0,0,1,0,7,0,10,0,1,0,0,0,0,7,0,0,0,1,3,0,0,7,9,5,0,1,0,0,7,0,0,0,0,4,1,7,0,8,0,0,1,0,0,0,0,7,10,6,1,1,7,11,0,12,0,0,0,0,2,0,7,0,0,0,0,0,0,-1,0,1
4,0,0,1,0,7,0,10,0,1,0,0,0,0,7,0,0,0,1,3,0,0,7,9,5,0,0,1,0,7,0,0,0,0,4,1,7,0,8,0,0,1,0,0,0,0,7,10,6,1,1,7,11,0,12,0,0,0,0,2,0,7,0,0,0,0,0,0,-1,1,1
4,0,0,1,0,7,0,10,0,1,0,0,0,0,7,0,0,0,1,3,0,0,7,9,5,0,0,1,0,7,0,0,0,0,4,1,7,0,0,0,0,1,0,0,0,0,7,10,6,1,1,7,11,8,12,0,0,0,0,2,0,7,0,0,0,0,0,0,-1,0,1
4,0,0,1,0,7,0,10,0,1,0,0,0,0,7,0,0,0,1,3,0,0,7,9,5,0,0,1,0,7,0,0,0,0,4,1,7,0,0,0,0,1,0,0,0,0,7,10,6,1,1,7,11,2,12,0,0,0,0,0,0,7,0,0,0,0,0,0,-1,1,1
4,0,0,1,0,7,0,10,0,1,0,0,0,0,7,0,0,0,1,3,0,0,7,9,5,0,0,1,0,7,0,0,0,0,4,1,7,0,0,0,0,1,0,0,0,0,0,10,6,1,1,7,11,7,12,0,0,0,0,0,0,7,0,0,0,0,0,0,-1,0,1
4,0,0,1,0,7,0,10,0,1,0,0,0,0,7,0,0,0,1,3,0,0,7,9,5,0,0,0,0,7,0,0,0,0,4,1,1,0,0,0,0,1,0,0,0,0,0,10,6,1,1,7,11,7,12,0,0,0,0,0,0,7,0,0,0,0,0,0,-1,1,1
4,0,0,1,0,7,0,10,0,1,0,0,0,0,7,0,0,0,1,3,0,0,7,9,5,0,0,0,0,7,0,0,0,0,4,1,11,0,0,0,0,1,0,0,0,0,0,10,6,1,1,7,0,7,12,0,0,0,0,0,0,7,0,0,0,0,0,0,-1,0,1
4,0,0,1,0,7,0,10,0,1,0,0,0,0,7,0,0,0,1,0,0,0,7,9,5,0,0,0,3,7,0,0,0,0,4,1,11,0,0,0,0,1,0,0,0,0,0,10,6,1,1,7,0,7,12,0,0,0,0,0,0,7,0,0,0,0,0,0,-1,1,1
4,0,0,1,0,7,0,0,0,1,0,0,0,0,7,10,0,0,1,0,0,0,7,9,5,0,0,0,3,7,0,0,0,0,4,1,11,0,0,0,0,1,0,0,0,0,0,10,6,1,1,7,0,7,12,0,0,0,0,0,0,7,0,0,0,0,0,0,-1,0,1
4,0,0,1,0,7,0,0,0,0,0,1,0,0,7,10,0,0,1,0,0,0,7,9,5,0,0,0,3,7,0,0,0,0,4,1,11,0,0,0,0,1,0,0,0,0,0,10,6,1,1,7,0,7,12,0,0,0,0,0,0,7,0,0,0,0,0,0,1,1,1
4,0,0,1,0,7,0,0,0,0,0,1,0,0,7,10,0,0,1,0,0,0,7,0,5,0,0,0,3,7,9,0,0,0,4,1,11,0,0,0,0,1,0,0,0,0,0,10,6,1,1,7,0,7,12,0,0,0,0,0,0,7,0,0,0,0,0,0,-1,0,1
0,4,0,1,0,7,0,0,0,0,0,1,0,0,7,10,0,0,1,0,0,0,7,0,5,0,0,0,3,7,9,0,0,0,4,1,11,0,0,0,0,1,0,0,0,0,0,10,6,1,1,7,0,7,12,0,0,0,0,0,0,7,0,0,0,0,0,0,-1,1,1
0,4,0,1,0,7,0,0,0,0,0,1,0,0,7,10,0,0,1,0,0,0,7,0,5,0,0,0,3,7,9,0,0,0,4,1,11,0,0,0,0,1,0,0,0,10,0,0,6,1,1,7,0,7,12,0,0,0,0,0,0,7,0,0,0,0,0,0,-1,0,1
0,0,0,1,0,7,0,0,0,0,0,1,0,0,7,10,0,0,1,0,0,0,7,0,5,4,0,0,3,7,9,0,0,0,4,1,11,0,0,0,0,1,0,0,0,10,0,0,6,1,1,7,0,7,12,0,0,0,0,0,0,7,0,0,0,0,0,0,-1,1,1
0,0,0,1,0,7,0,0,0,0,0,1,0,0,7,10,0,0,1,0,0,9,7,0,5,4,0,0,3,7,0,0,0,0,4,1,11,0,0,0,0,1,0,0,0,10,0,0,6,1,1,7,0,7,12,0,0,0,0,0,0,7,0,0,0,0,0,0,-1,0,1
0,0,0,1,0,7,0,0,0,0,0,1,0,0,7,10,0,0,1,0,0,3,7,0,5,4,0,0,0,7,0,0,0,0,4,1,11,0,0,0,0,1,0,0,0,10,0,0,6,1,1,7,0,7,12,0,0,0,0,0,0,7,0,0,0,0,0,0,-1,1,1
0,0,0,1,0,7,0,0,0,0,0,1,0,0,0,10,0,0,1,0,0,7,7,0,5,4,0,0,0,7,0,0,0,0,4,1,11,0,0,0,0,1,0,0,0,10,0,0,6,1,1,7,0,7,12,0,0,0,0,0,0,7,0,0,0,0,0,0,-1,0,1
0,0,0,1,0,7,0,0,0,0,0,1,0,0,0,10,0,0,1,0,0,7,7,0,0,4,0,0,0,7,0,0,0,5,4,1,11,0,0,0,0,1,0,0,0,10,0,0,6,1,1,7,0,7,12,0,0,0,0,0,0,7,0,0,0,0,0,0,-1,1,1
0,0,0,1,7,0,0,0,0,0,0,1,0,0,0,10,0,0,1,0,0,7,7,0,0,4,0,0,0,7,0,0,0,5,4,1,11,0,0,0,0,1,0,0,0,10,0,0,6,1,1,7,0,7,12,0,0,0,0,0,0,7,0,0,0,0,0,0,-1,0,1
0,0,0,1,7,0,0,0,0,0,0,0,1,0,0,10,0,0,1,0,0,7,7,0,0,4,0,0,0,7,0,0,0,5,4,1,11,0,0,0,0,1,0,0,0,10,0,0,6,1,1,7,0,7,12,0,0,0,0,0,0,7,0,0,0,0,0,0,-1,1,1
0,0,0,1,7,0,0,0,0,0,0,0,1,0,0,10,0,0,1,0,0,7,7,0,0,4,0,0,0,7,0,0,0,5,4,1,11,0,0,0,0,1,0,0,0,10,0,0,6,1,1,7,0,7,12,0,0,0,0,0,7,0,0,0,0,0,0,0,-1,0,1
0,0,0,1,7,0,0,0,0,0,0,0,0,0,0,10,0,0,1,0,0,1,7,0,0,4,0,0,0,7,0,0,0,5,4,1,11,0,0,0,0,1,0,0,0,10,0,0,6,1,1,7,0,7,12,0,0,0,0,0,7,0,0,0,0,0,0,0,-1,1,1
0,0,0,1,7,0,0,0,10,0,0,0,0,0,0,0,0,0,1,0,0,1,7,0,0,4,0,0,0,7,0,0,0,5,4,1,11,0,0,0,0,1,0,0,0,10,0,0,6,1,1,7,0,7,12,0,0,0,0,0,7,0,0,0,0,0,0,0,-1,0,1
0,0,0,1,7,0,0,0,10,0,0,0,0,0,0,0,0,0,1,0,0,1,7,0,4,0,0,0,0,7,0,0,0,5,4,1,11,0,0,0,0,1,0,0,0,10,0,0,6,1,1,7,0,7,12,0,0,0,0,0,7,0,0,0,0,0,0,0,-1,1,1
0,0,0,1,7,0,0,0,0,0,0,0,0,0,0,0,0,0,1,0,0,1,7,0,10,0,0,0,0,7,0,0,0,5,4,1,11,0,0,0,0,1,0,0,0,10,0,0,6,1,1,7,0,7,12,0,0,0,0,0,7,0,0,0,0,0,0,0,-1,0,1
0,0,0,1,7,0,0,0,0,0,0,0,0,0,0,0,0,0,1,0,0,1,7,0,5,0,0,0,0,7,0,0,0,0,4,1,11,0,0,0,0,1,0,0,0,10,0,0,6,1,1,7,0,7,12,0,0,0,0,0,7,0,0,0,0,0,0,0,-1,1,1
0,0,0,1,7,0,0,0,0,0,0,0,0,0,0,0,0,0,1,0,0,1,7,0,5,0,0,0,0,7,0,0,0,0,4,1,11,10,0,0,0,1,0,0,0,0,0,0,6,1,1,7,0,7,12,0,0,0,0,0,7,0,0,0,0,0,0,0,-1,0,1
0,0,0,1,7,0,0,0,0,0,0,0,0,0,0,0,0,0,1,0,0,1,7,0,0,0,0,5,0,7,0,0,0,0,4,1,11,10,0,0,0,1,0,0,0,0,0,0,6,1,1,7,0,7,12,0,0,0,0,0,7,0,0,0,0,0,0,0,-1,1,0.95
0,0,0,1,7,0,0,0,0,0,0,0,0,0,0,0,0,0,1,0,0,1,7,0,0,0,0,5,0,7,0,0,0,0,4,1,11,10,0,0,0,1,0,0,0,0,12,0,6,1,1,7,0,7,0,0,0,0,0,0,7,0,0,0,0,0,0,0,-1,0,0.95
0,0,0,1,7,0,0,0,0,0,0,0,0,0,0,0,0,0,1,0,0,1,7,0,0,0,0,5,0,7,0,0,0,0,4,1,11,10,0,0,6,1,0,0,0,0,12,0,0,1,1,7,0,7,0,0,0,0,0,0,7,0,0,0,0,0,0,0,-1,1,0.95
0,0,0,1,7,0,0,0,0,0,0,0,0,0,0,0,0,0,1,0,11,1,7,0,0,0,0,5,0,7,0,0,0,0,4,1,0,10,0,0,6,1,0,0,0,0,12,0,0,1,1,7,0,7,0,0,0,0,0,0,7,0,0,0,0,0,0,0,-1,0,0.95
0,0,0,1,7,0,0,0,0,0,0,0,0,0,0,0,0,0,1,0,5,1,7,0,0,0,0,0,0,7,0,0,0,0,4,1,0,10,0,0,6,1,0,0,0,0,12,0,0,1,1,7,0,7,0,0,0,0,0,0,7,0,0,0,0,0,0,0,-1,1,0.95
0,0,0,1,7,0,0,0,0,0,0,0,0,0,0,0,0,0,1,0,7,1,7,0,0,0,0,0,0,0,0,0,0,0,4,1,0,10,0,0,6,1,0,0,0,0,12,0,0,1,1,7,0,7,0,0,0,0,0,0,7,0,0,0,0,0,0,0,-1,0,0.95
0,0,0,1,7,0,0,0,0,0,0,0,0,0,0,0,0,0,1,0,7,1,7,0,0,0,0,0,0,0,0,0,0,6,4,1,0,10,0,0,0,1,0,0,0,0,12,0,0,1,1,7,0,7,0,0,0,0,0,0,7,0,0,0,0,0,0,0,-1,1,0.95
0,0,0,1,7,0,0,0,0,0,0,0,0,0,0,0,0,0,1,7,0,1,7,0,0,0,0,0,0,0,0,0,0,6,4,1,0,10,0,0,0,1,0,0,0,0,12,0,0,1,1,7,0,7,0,0,0,0,0,0,7,0,0,0,0,0,0,0,-1,0,0.95
0,0,0,1,7,0,0,0,0,0,0,0,0,0,0,0,0,0,1,7,0,1,7,0,0,0,0,0,0,0,0,0,0,6,4,0,1,10,0,0,0,1,0,0,0,0,12,0,0,1,1,7,0,7,0,0,0,0,0,0,7,0,0,0,0,0,0,0,-1,1,0.95
0,0,0,1,7,0,0,0,0,0,0,0,0,0,0,0,0,0,1,7,0,10,7,0,0,0,0,0,0,0,0,0,0,6,4,0,1,0,0,0,0,1,0,0,0,0,12,0,0,1,1,7,0,7,0,0,0,0,0,0,7,0,0,0,0,0,0,0,-1,0,0.95
0,0,0,1,7,0,0,0,0,0,0,0,0,0,0,0,0,0,1,7,0,10,7,0,0,0,0,0,0,0,0,0,0,6,4,0,1,0,0,0,0,0,0,1,0,0,12,0,0,1,1,7,0,7,0,0,0,0,0,0,7,0,0,0,0,0,0,0,5,1,0.8
0,0,0,1,7,0,0,0,0,0,0,0,0,0,0,0,0,0,1,7,0,10,7,0,0,0,0,0,0,0,0,0,0,6,4,0,1,0,0,0,0,0,7,0,0,0,12,0,0,1,1,0,0,7,0,0,0,0,0,0,7,0,0,0,0,0,0,0,-1,0,0.95
0,0,0,1,7,0,0,0,0,0,0,0,0,0,0,0,0,0,1,7,0,10,7,0,0,0,0,0,0,0,0,0,0,0,4,0,1,0,0,0,0,0,6,0,0,0,12,0,0,1,1,0,0,7,0,0,0,0,0,0,7,0,0,0,0,0,0,0,-1,1,0.95
0,0,0,1,7,0,0,0,0,0,0,0,0,0,0,0,0,0,1,7,0,10,7,0,0,0,0,0,0,0,0,0,0,0,4,0,1,12,0,0,0,0,6,0,0,0,0,0,0,1,1,0,0,7,0,0,0,0,0,0,7,0,0,0,0,0,0,0,-1,0,0.95
0,0,0,1,7,0,0,0,0,0,0,0,0,0,0,0,0,0,1,7,0,10,7,0,0,0,0,0,0,0,0,0,0,0,4,6,1,12,0,0,0,0,0,0,0,0,0,0,0,1,1,0,0,7,0,0,0,0,0,0,7,0,0,0,0,0,0,0,-1,1,0.95
0,0,0,1,7,0,0,0,0,0,0,0,0,0,0,0,0,0,1,7,10,0,7,0,0,0,0,0,0,0,0,0,0,0,4,6,1,12,0,0,0,0,0,0,0,0,0,0,0,1,1,0,0,7,0,0,0,0,0,0,7,0,0,0,0,0,0,0,-1,0,0.7
0,0,0,1,7,0,0,0,0,0,0,0,0,0,0,0,0,0,1,7,10,0,7,0,0,0,0,6,0,0,0,0,0,0,4,0,1,12,0,0,0,0,0,0,0,0,0,0,0,1,1,0,0,7,0,0,0,0,0,0,7,0,0,0,0,0,0,0,-1,1,0.8
0,0,0,1,7,0,0,0,0,0,0,0,0,0,0,0,0,0,1,7,0,0,7,0,0,0,0,6,10,0,0,0,0,0,4,0,1,12,0,0,0,0,0,0,0,0,0,0,0,1,1,0,0,7,0,0,0,0,0,0,7,0,0,0,0,0,0,0,-1,0,0.95
0,0,0,1,7,0,0,0,0,0,0,0,0,0,0,0,0,0,1,6,0,0,7,0,0,0,0,0,10,0,0,0,0,0,4,0,1,12,0,0,0,0,0,0,0,0,0,0,0,1,1,0,0,7,0,0,0,0,0,0,7,0,0,0,0,0,0,0,-1,1,0.9
0,0,0,1,7,0,0,0,0,0,0,0,0,0,0,0,0,0,1,6,0,0,7,0,0,10,0,0,0,0,0,0,0,0,4,0,1,12,0,0,0,0,0,0,0,0,0,0,0,1,1,0,0,7,0,0,0,0,0,0,7,0,0,0,0,0,0,0,-1,0,1
0,0,0,1,7,0,0,0,0,0,0,0,6,0,0,0,0,0,1,0,0,0,7,0,0,10,0,0,0,0,0,0,0,0,4,0,1,12,0,0,0,0,0,0,0,0,0,0,0,1,1,0,0,7,0,0,0,0,0,0,7,0,0,0,0,0,0,0,-1,1,1
0,0,0,1,7,0,0,0,0,0,0,0,6,0,0,0,0,0,1,0,0,0,7,0,0,0,0,0,0,0,0,0,0,0,4,0,1,12,0,0,0,0,0,0,0,0,0,0,0,10,1,0,0,7,0,0,0,0,0,0,7,0,0,0,0,0,0,0,-1,0,1
0,0,0,1,6,0,0,0,0,0,0,0,0,0,0,0,0,0,1,0,0,0,7,0,0,0,0,0,0,0,0,0,0,0,4,0,1,12,0,0,0,0,0,0,0,0,0,0,0,10,1,0,0,7,0,0,0,0,0,0,7,0,0,0,0,0,0,0,-1,1,1
0,0,0,1,6,0,0,0,0,10,0,0,0,0,0,0,0,0,1,0,0,0,7,0,0,0,0,0,0,0,0,0,0,0,4,0,1,12,0,0,0,0,0,0,0,0,0,0,0,0,1,0,0,7,0,0,0,0,0,0,7,0,0,0,0,0,0,0,-1,0,1
0,0,0,1,0,6,0,0,0,10,0,0,0,0,0,0,0,0,1,0,0,0,7,0,0,0,0,0,0,0,0,0,0,0,4,0,1,12,0,0,0,0,0,0,0,0,0,0,0,0,1,0,0,7,0,0,0,0,0,0,7,0,0,0,0,0,0,0,-1,1,1
0,0,0,1,0,6,0,0,0,10,0,0,0,0,0,0,0,0,1,0,0,0,7,0,0,0,0,0,0,0,0,0,0,0,4,0,1,12,0,0,0,0,0,0,0,0,0,0,0,0,1,0,7,0,0,0,0,0,0,0,7,0,0,0,0,0,0,0,-1,0,1
0,0,0,0,1,6,0,0,0,10,0,0,0,0,0,0,0,0,1,0,0,0,7,0,0,0,0,0,0,0,0,0,0,0,4,0,1,12,0,0,0,0,0,0,0,0,0,0,0,0,1,0,7,0,0,0,0,0,0,0,7,0,0,0,0,0,0,0,-1,1,1
0,0,0,0,1,6,0,0,0,10,0,0,0,0,0,0,0,0,1,0,7,0,0,0,0,0,0,0,0,0,0,0,0,0,4,0,1,12,0,0,0,0,0,0,0,0,0,0,0,0,1,0,7,0,0,0,0,0,0,0,7,0,0,0,0,0,0,0,2,0,1
0,0,0,0,1,0,6,0,0,10,0,0,0,0,0,0,0,0,1,0,7,0,0,0,0,0,0,0,0,0,0,0,0,0,4,0,1,12,0,0,0,0,0,0,0,0,0,0,0,0,1,0,7,0,0,0,0,0,0,0,7,0,0,0,0,0,0,0,-1,1,1
0,0,0,0,1,0,6,0,0,0,10,0,0,0,0,0,0,0,1,0,7,0,0,0,0,0,0,0,0,0,0,0,0,0,4,0,1,12,0,0,0,0,0,0,0,0,0,0,0,0,1,0,7,0,0,0,0,0,0,0,7,0,0,0,0,0,0,0,-1,0,1
0,0,0,0,0,1,6,0,0,0,10,0,0,0,0,0,0,0,1,0,7,0,0,0,0,0,0,0,0,0,0,0,0,0,4,0,1,12,0,0,0,0,0,0,0,0,0,0,0,0,1,0,7,0,0,0,0,0,0,0,7,0,0,0,0,0,0,0,-1,1,1
0,0,0,0,0,1,6,0,0,0,10,0,0,0,0,0,0,0,1,7,0,0,0,0,0,0,0,0,0,0,0,0,0,0,4,0,1,12,0,0,0,0,0,0,0,0,0,0,0,0,1,0,7,0,0,0,0,0,0,0,7,0,0,0,0,0,0,0,-1,0,1
0,0,0,0,0,1,0,6,0,0,10,0,0,0,0,0,0,0,1,7,0,0,0,0,0,0,0,0,0,0,0,0,0,0,4,0,1,12,0,0,0,0,0,0,0,0,0,0,0,0,1,0,7,0,0,0,0,0,0,0,7,0,0,0,0,0,0,0,-1,1,1
0,0,10,0,0,1,0,6,0,0,0,0,0,0,0,0,0,0,1,7,0,0,0,0,0,0,0,0,0,0,0,0,0,0,4,0,1,12,0,0,0,0,0,0,0,0,0,0,0,0,1,0,7,0,0,0,0,0,0,0,7,0,0,0,0,0,0,0,-1,0,1
0,0,10,0,0,1,0,0,0,0,0,0,0,0,6,0,0,0,1,7,0,0,0,0,0,0,0,0,0,0,0,0,0,0,4,0,1,12,0,0,0,0,0,0,0,0,0,0,0,0,1,0,7,0,0,0,0,0,0,0,7,0,0,0,0,0,0,0,-1,1,1
0,0,0,0,0,1,0,0,0,0,10,0,0,0,6,0,0,0,1,7,0,0,0,0,0,0,0,0,0,0,0,0,0,0,4,0,1,12,0,0,0,0,0,0,0,0,0,0,0,0,1,0,7,0,0,0,0,0,0,0,7,0,0,0,0,0,0,0,-1,0,1
0,0,0,0,0,1,0,0,0,0,10,0,0,0,0,0,0,0,1,7,0,6,0,0,0,0,0,0,0,0,0,0,0,0,4,0,1,12,0,0,0,0,0,0,0,0,0,0,0,0,1,0,7,0,0,0,0,0,0,0,7,0,0,0,0,0,0,0,-1,1,1
0,0,10,0,0,1,0,0,0,0,0,0,0,0,0,0,0,0,1,7,0,6,0,0,0,0,0,0,0,0,0,0,0,0,4,0,1,12,0,0,0,0,0,0,0,0,0,0,0,0,1,0,7,0,0,0,0,0,0,0,7,0,0,0,0,0,0,0,-1,0,1
0,0,10,0,0,1,0,0,0,0,0,0,6,0,0,0,0,0,1,7,0,0,0,0,0,0,0,0,0,0,0,0,0,0,4,0,1,12,0,0,0,0,0,0,0,0,0,0,0,0,1,0,7,0,0,0,0,0,0,0,7,0,0,0,0,0,0,0,-1,1,1
10,0,0,0,0,1,0,0,0,0,0,0,6,0,0,0,0,0,1,7,0,0,0,0,0,0,0,0,0,0,0,0,0,0,4,0,1,12,0,0,0,0,0,0,0,0,0,0,0,0,1,0,7,0,0,0,0,0,0,0,7,0,0,0,0,0,0,0,-1,0,1
10,0,0,0,0,1,0,0,0,0,0,0,6,0,0,0,0,0,1,7,0,0,0,0,0,0,0,0,0,0,0,0,0,0,0,4,1,12,0,0,0,0,0,0,0,0,0,0,0,0,1,0,7,0,0,0,0,0,0,0,7,0,0,0,0,0,0,0,-1,1,1
10,0,0,0,0,1,0,0,0,0,0,0,6,0,0,0,0,0,1,7,0,0,0,0,0,0,0,0,12,0,0,0,0,0,0,4,1,0,0,0,0,0,0,0,0,0,0,0,0,0,1,0,7,0,0,0,0,0,0,0,7,0,0,0,0,0,0,0,-1,0,1
10,0,0,0,0,1,0,0,0,0,0,0,6,0,0,0,0,0,1,7,0,0,0,0,0,0,0,4,12,0,0,0,0,0,0,0,1,0,0,0,0,0,0,0,0,0,0,0,0,0,1,0,7,0,0,0,0,0,0,0,7,0,0,0,0,0,0,0,-1,1,1
10,0,0,0,0,1,0,0,0,0,0,0,6,0,0,0,0,0,1,7,0,0,0,0,0,0,0,4,0,0,0,0,0,0,0,0,12,0,0,0,0,0,0,0,0,0,0,0,0,0,1,0,7,0,0,0,0,0,0,0,7,0,0,0,0,0,0,0,-1,0,1
10,0,0,0,0,1,0,0,0,0,0,0,6,0,0,0,0,0,1,4,0,0,0,0,0,0,0,0,0,0,0,0,0,0,0,0,12,0,0,0,0,0,0,0,0,0,0,0,0,0,1,0,7,0,0,0,0,0,0,0,7,0,0,0,0,0,0,0,-1,1,1
10,0,0,0,0,1,0,0,0,0,0,0,6,0,0,0,0,0,1,4,0,0,0,0,0,0,0,0,12,0,0,0,0,0,0,0,0,0,0,0,0,0,0,0,0,0,0,0,0,0,1,0,7,0,0,0,0,0,0,0,7,0,0,0,0,0,0,0,-1,0,1
10,0,0,0,0,1,0,0,0,0,0,0,6,0,0,0,0,0,1,0,0,0,0,0,0,0,0,4,12,0,0,0,0,0,0,0,0,0,0,0,0,0,0,0,0,0,0,0,0,0,1,0,7,0,0,0,0,0,0,0,7,0,0,0,0,0,0,0,-1,1,1
10,0,0,0,0,1,0,0,0,0,0,0,6,0,0,0,0,0,1,0,0,0,0,0,0,0,0,4,0,0,0,0,0,0,0,0,12,0,0,0,0,0,0,0,0,0,0,0,0,0,1,0,7,0,0,0,0,0,0,0,7,0,0,0,0,0,0,0,-1,0,1
4,1,0,0,0,0,7,10,2,1,0,0,0,0,7,8,3,1,0,0,0,0,7,9,5,1,0,0,0,0,7,11,6,1,0,0,0,0,7,12,3,1,0,0,0,0,7,9,2,1,0,0,0,0,7,8,4,1,0,0,0,0,7,10,1,1,1,1,-1,0,0.5
4,1,0,0,0,0,7,10,2,1,0,0,0,0,7,8,3,0,0,1,0,0,7,9,5,1,0,0,0,0,7,11,6,1,0,0,0,0,7,12,3,1,0,0,0,0,7,9,2,1,0,0,0,0,7,8,4,1,0,0,0,0,7,10,1,1,1,1,2,1,0.4
4,1,0,0,0,0,7,10,2,1,0,0,0,0,7,8,3,0,0,1,0,0,7,9,5,1,0,0,0,0,7,11,6,1,0,0,7,0,0,12,3,1,0,0,0,0,7,9,2,1,0,0,0,0,7,8,4,1,0,0,0,0,7,10,1,1,1,1,4,0,0.6
4,1,0,0,0,0,7,10,0,1,0,0,0,0,7,8,3,0,2,1,0,0,7,9,5,1,0,0,0,0,7,11,6,1,0,0,7,0,0,12,3,1,0,0,0,0,7,9,2,1,0,0,0,0,7,8,4,1,0,0,0,0,7,10,1,1,1,1,-1,1,0.4
4,1,0,0,0,0,7,10,0,1,0,0,0,0,7,8,3,0,2,1,0,0,7,9,5,1,0,0,0,0,7,11,6,1,0,0,7,0,0,12,3,1,0,0,0,8,7,9,2,1,0,0,0,0,7,0,4,1,0,0,0,0,7,10,1,1,1,1,-1,0,0.45
4,1,0,0,0,0,7,10,0,1,0,0,0,0,7,8,3,0,2,1,0,0,7,9,5,1,0,0,0,0,7,11,6,1,0,0,7,0,0,12,3,1,2,0,0,8,7,9,0,1,0,0,0,0,7,0,4,1,0,0,0,0,7,10,1,1,1,1,-1,1,0.45
4,1,0,0,0,0,7,10,0,1,0,0,0,0,7,0,3,0,2,1,0,8,7,9,5,1,0,0,0,0,7,11,6,1,0,0,7,0,0,12,3,1,2,0,0,8,7,9,0,1,0,0,0,0,7,0,4,1,0,0,0,0,7,10,1,1,1,1,-1,0,0.65
4,1,0,0,0,0,7,10,0,1,0,0,0,0,7,0,3,0,2,1,0,8,7,9,5,1,0,0,0,0,7,11,6,1,0,0,7,0,0,12,3,1,2,0,0,8,7,9,0,0,1,0,0,0,7,0,4,1,0,0,0,0,7,10,1,1,1,1,-1,1,0.75
4,1,0,0,0,0,7,10,0,1,0,9,0,0,7,0,3,0,2,1,0,8,7,9,5,1,0,0,0,0,7,11,6,1,0,0,7,0,0,12,3,1,2,0,0,8,7,0,0,0,1,0,0,0,7,0,4,1,0,0,0,0,7,10,1,1,1,1,-1,0,0.55
4,1,0,0,0,0,7,10,0,1,0,9,0,0,7,0,3,0,2,1,0,8,7,9,5,1,0,0,0,0,7,11,6,1,0,0,7,0,0,12,0,1,2,0,0,8,7,0,0,3,1,0,0,0,7,0,4,1,0,0,0,0,7,10,1,1,1,1,-1,1,0.55
4,1,0,0,0,0,7,10,0,1,0,9,0,0,7,0,3,0,2,1,0,8,7,9,5,1,0,0,0,0,7,11,6,1,0,0,7,0,0,0,0,1,2,0,0,8,7,10,0,3,1,0,0,0,7,12,4,1,0,0,0,0,7,0,1,1,0,0,-1,0,0.45
4,1,0,0,0,0,7,10,0,1,0,9,0,0,7,0,3,0,2,1,0,8,7,9,5,1,0,0,0,0,7,11,0,1,0,0,7,0,0,0,4,1,2,0,0,8,7,10,6,3,1,0,0,0,7,12,0,1,0,0,0,0,7,0,0,0,0,0,-1,1,0.55
4,1,0,0,0,0,7,10,0,1,0,9,0,0,7,0,3,0,2,1,0,8,7,9,5,1,0,0,0,7,0,11,0,1,0,0,7,0,0,0,4,1,2,0,0,8,7,10,6,3,1,0,0,0,7,12,0,1,0,0,0,0,7,0,0,0,0,0,-1,0,0.55
4,1,0,0,0,0,7,10,0,1,0,9,0,0,7,0,3,0,2,1,0,8,7,9,5,0,1,0,0,7,0,11,0,1,0,0,7,0,0,0,4,1,2,0,0,8,7,10,6,3,1,0,0,0,7,12,0,1,0,0,0,0,7,0,0,0,0,0,-1,1,0.45
4,1,0,0,0,0,7,10,0,1,0,9,0,0,7,0,3,0,2,1,0,8,7,9,5,0,1,0,0,7,0,11,0,1,0,0,7,0,0,0,4,1,2,0,0,8,7,10,6,3,1,0,0,0,7,12,0,1,0,0,0,7,0,0,0,0,0,0,-1,0,0.45
4,1,0,0,0,0,7,10,0,1,0,9,0,0,7,0,3,0,0,1,0,8,7,9,5,0,1,0,2,7,0,11,0,1,0,0,7,0,0,0,4,1,2,0,0,8,7,10,6,3,1,0,0,0,7,12,0,1,0,0,0,7,0,0,0,0,0,0,-1,1,0.55
4,1,0,0,0,0,7,10,0,1,0,0,0,0,7,0,3,0,0,1,9,8,7,9,5,0,1,0,2,7,0,11,0,1,0,0,7,0,0,0,4,1,2,0,0,8,7,10,6,3,1,0,0,0,7,12,0,1,0,0,0,7,0,0,0,0,0,0,-1,0,0.445
4,1,0,0,0,0,7,10,0,1,0,0,0,0,7,0,3,0,0,1,9,8,7,9,5,0,1,0,2,7,0,11,0,0,1,0,7,0,0,0,4,1,2,0,0,8,7,10,6,3,1,0,0,0,7,12,0,1,0,0,0,7,0,0,0,0,0,0,-1,1,0.545
4,1,0,0,0,7,0,10,0,1,0,0,0,0,7,0,3,0,0,1,9,8,7,9,5,0,1,0,2,7,0,11,0,0,1,0,7,0,0,0,4,1,2,0,0,8,7,10,6,3,1,0,0,0,7,12,0,1,0,0,0,7,0,0,0,0,0,0,-1,0,0.45455
4,1,0,0,0,7,0,10,0,0,1,0,0,0,7,0,3,0,0,1,9,8,7,9,5,0,1,0,2,7,0,11,0,0,1,0,7,0,0,0,4,1,2,0,0,8,7,10,6,3,1,0,0,0,7,12,0,1,0,0,0,7,0,0,0,0,0,0,-1,1,0.5
4,1,0,0,0,7,9,10,0,0,1,0,0,0,7,0,3,0,0,1,0,8,7,9,5,0,1,0,2,7,0,11,0,0,1,0,7,0,0,0,4,1,2,0,0,8,7,10,6,3,1,0,0,0,7,12,0,1,0,0,0,7,0,0,0,0,0,0,-1,0,0.5
4,1,0,0,0,7,9,10,0,3,1,0,0,0,7,0,0,0,0,1,0,8,7,9,5,0,1,0,2,7,0,11,0,0,1,0,7,0,0,0,4,1,2,0,0,8,7,10,6,3,1,0,0,0,7,12,0,1,0,0,0,7,0,0,0,0,0,0,-1,1,0.5
4,1,0,0,0,7,9,10,0,3,1,0,0,0,7,0,0,0,0,1,0,8,7,9,5,0,1,0,8,7,0,11,0,0,1,0,7,0,0,0,4,1,2,0,0,0,7,10,6,3,1,0,0,0,7,12,0,1,0,0,0,7,0,0,0,0,0,0,-1,0,0.5
4,1,0,0,0,7,9,10,0,3,1,0,0,0,7,0,0,0,0,0,0,8,7,9,5,0,1,0,1,7,0,11,0,0,1,0,7,0,0,0,4,1,2,0,0,0,7,10,6,3,1,0,0,0,7,12,0,1,0,0,0,7,0,0,0,0,0,0,-1,1,0.5
4,1,0,0,0,7,9,10,0,3,1,0,0,0,7,0,0,0,0,0,0,0,7,9,5,0,1,0,1,7,0,11,0,0,1,0,7,0,8,0,4,1,2,0,0,0,7,10,6,3,1,0,0,0,7,12,0,1,0,0,0,7,0,0,0,0,0,0,-1,0,0.5
4,1,0,0,0,7,9,10,0,3,1,0,0,0,7,0,0,0,0,0,0,0,7,9,5,2,1,0,1,7,0,11,0,0,1,0,7,0,8,0,4,1,0,0,0,0,7,10,6,3,1,0,0,0,7,12,0,1,0,0,0,7,0,0,0,0,0,0,-1,1,0.5
4,1,0,0,0,7,9,10,0,3,1,0,0,0,7,0,0,0,0,0,0,0,7,9,5,2,1,0,1,7,0,11,0,0,1,0,7,0,8,0,4,1,0,0,7,0,0,10,6,3,1,0,0,0,7,12,0,1,0,0,0,7,0,0,0,0,0,0,5,0,0.5
0,1,0,0,0,7,9,10,0,3,1,0,0,0,7,0,4,0,0,0,0,0,7,9,5,2,1,0,1,7,0,11,0,0,1,0,7,0,8,0,4,1,0,0,7,0,0,10,6,3,1,0,0,0,7,12,0,1,0,0,0,7,0,0,0,0,0,0,-1,1,0.5
0,1,0,0,0,7,9,10,0,3,1,0,0,0,7,0,4,0,0,0,0,0,7,9,5,2,1,0,1,7,0,11,0,0,1,0,7,0,8,0,4,1,0,7,0,0,0,10,6,3,1,0,0,0,7,12,0,1,0,0,0,7,0,0,0,0,0,0,-1,0,0.5
0,1,0,0,0,7,9,10,0,3,1,0,0,0,7,0,4,0,0,0,0,0,7,9,5,2,1,0,1,7,0,11,0,0,0,0,7,0,8,0,4,1,0,1,0,0,0,10,6,3,1,0,0,0,7,12,0,1,0,0,0,7,0,0,0,0,0,0,-1,1,0.5
0,1,0,0,0,7,9,10,0,3,1,0,0,0,7,0,4,0,0,0,0,0,7,9,5,2,1,0,1,7,0,11,0,0,0,0,0,0,8,0,4,1,0,7,0,0,0,10,6,3,1,0,0,0,7,12,0,1,0,0,0,7,0,0,0,0,0,0,-1,0,0.5
0,1,0,0,0,7,9,10,0,3,1,0,0,0,7,0,0,0,0,4,0,0,7,9,5,2,1,0,1,7,0,11,0,0,0,0,0,0,8,0,4,1,0,7,0,0,0,10,6,3,1,0,0,0,7,12,0,1,0,0,0,7,0,0,0,0,0,0,-1,1,0.5
0,1,0,0,0,7,9,10,0,3,1,0,0,0,7,0,0,0,0,4,0,0,7,9,5,2,1,0,1,7,0,11,0,0,0,0,0,0,0,0,4,1,0,7,0,0,0,10,6,3,1,0,0,8,7,12,0,1,0,0,0,7,0,0,0,0,0,0,-1,0,0.5
0,1,0,0,0,7,9,10,0,3,1,0,0,0,7,0,0,0,0,4,0,0,7,9,5,0,1,0,1,7,0,11,0,0,0,2,0,0,0,0,4,1,0,7,0,0,0,10,6,3,1,0,0,8,7,12,0,1,0,0,0,7,0,0,0,0,0,0,-1,1,0.5
0,1,0,0,0,7,9,10,0,3,1,0,0,0,7,0,0,0,0,4,0,0,7,9,5,0,1,0,1,7,0,11,0,0,0,2,8,0,0,0,4,1,0,7,0,0,0,10,6,3,1,0,0,0,7,12,0,1,0,0,0,7,0,0,0,0,0,0,-1,0,0.5
0,1,0,0,0,7,9,10,0,0,1,0,0,0,7,0,0,0,0,4,0,0,7,9,5,0,1,0,1,7,0,11,0,0,0,2,3,0,0,0,4,1,0,7,0,0,0,10,6,3,1,0,0,0,7,12,0,1,0,0,0,7,0,0,0,0,0,0,-1,1,0.5
0,1,0,0,0,7,9,10,0,0,1,0,0,0,7,0,0,0,0,4,0,0,7,9,5,0,1,0,1,0,0,11,0,0,0,2,7,0,0,0,4,1,0,7,0,0,0,10,6,3,1,0,0,0,7,12,0,1,0,0,0,7,0,0,0,0,0,0,-1,0,0.5
5,1,0,0,0,7,9,10,0,0,1,0,0,0,7,0,0,0,0,4,0,0,7,9,0,0,1,0,1,0,0,11,0,0,0,2,7,0,0,0,4,1,0,7,0,0,0,10,6,3,1,0,0,0,7,12,0,1,0,0,0,7,0,0,0,0,0,0,-1,1,0.5
5,1,0,0,0,7,0,10,0,0,1,0,0,0,7,0,0,0,0,4,0,0,7,9,0,0,1,9,1,0,0,11,0,0,0,2,7,0,0,0,4,1,0,7,0,0,0,10,6,3,1,0,0,0,7,12,0,1,0,0,0,7,0,0,0,0,0,0,-1,0,0.5
5,1,0,0,0,7,0,10,0,0,1,0,0,0,7,0,0,0,0,0,0,0,7,9,0,0,1,4,1,0,0,11,0,0,0,2,7,0,0,0,4,1,0,7,0,0,0,10,6,3,1,0,0,0,7,12,0,1,0,0,0,7,0,0,0,0,0,0,-1,1,0.5
5,1,0,0,0,7,0,10,0,0,1,0,0,0,7,0,0,0,0,0,0,0,7,9,0,0,1,7,1,0,0,11,0,0,0,2,0,0,0,0,4,1,0,7,0,0,0,10,6,3,1,0,0,0,7,12,0,1,0,0,0,7,0,0,0,0,0,0,-1,0,0.5
0,1,0,0,0,7,0,10,0,0,1,0,0,0,7,0,0,0,0,0,0,0,7,9,0,0,1,5,1,0,0,11,0,0,0,2,0,0,0,0,4,1,0,7,0,0,0,10,6,3,1,0,0,0,7,12,0,1,0,0,0,7,0,0,0,0,0,0,-1,1,0.5
0,1,0,0,0,7,0,10,0,0,1,0,0,0,7,0,0,0,0,0,0,0,7,9,0,0,1,5,1,0,0,11,0,0,0,2,0,0,0,0,4,1,7,0,0,0,0,10,6,3,1,0,0,0,7,12,0,1,0,0,0,7,0,0,0,0,0,0,-1,0,0.5
0,1,0,0,0,7,0,10,0,0,1,0,0,0,7,0,0,0,0,0,0,0,7,9,0,0,1,5,1,0,0,11,0,0,0,2,0,0,0,0,4,1,7,0,0,0,0,10,6,0,1,0,0,0,7,12,3,1,0,0,0,7,0,0,0,0,0,0,-1,1,0.5
0,1,0,0,0,7,0,10,0,0,1,0,0,0,7,0,0,0,0,0,0,0,7,0,0,0,1,5,1,0,0,11,0,0,0,2,0,9,0,0,4,1,7,0,0,0,0,10,6,0,1,0,0,0,7,12,3,1,0,0,0,7,0,0,0,0,0,0,-1,0,0.5
0,1,0,0,0,7,0,10,0,0,1,0,0,0,7,0,0,0,2,0,0,0,7,0,0,0,1,5,1,0,0,11,0,0,0,0,0,9,0,0,4,1,7,0,0,0,0,10,6,0,1,0,0,0,7,12,3,1,0,0,0,7,0,0,0,0,0,0,-1,1,0.5
0,1,0,0,0,7,0,10,0,0,1,0,0,0,7,0,0,0,2,0,0,7,0,0,0,0,1,5,1,0,0,11,0,0,0,0,0,9,0,0,4,1,7,0,0,0,0,10,6,0,1,0,0,0,7,12,3,1,0,0,0,7,0,0,0,0,0,0,-1,0,0.5
0,1,0,0,0,7,0,10,0,0,1,0,0,0,7,0,0,0,2,0,0,7,0,0,0,0,1,5,0,1,0,11,0,0,0,0,0,9,0,0,4,1,7,0,0,0,0,10,6,0,1,0,0,0,7,12,3,1,0,0,0,7,0,0,0,0,0,0,-1,1,0.5
0,1,0,0,0,7,0,10,0,0,1,0,0,0,7,0,0,0,2,0,0,7,0,0,0,0,1,5,9,1,0,11,0,0,0,0,0,0,0,0,4,1,7,0,0,0,0,10,6,0,1,0,0,0,7,12,3,1,0,0,0,7,0,0,0,0,0,0,-1,0,0.5
0,1,0,0,0,7,0,10,0,0,1,0,0,0,7,0,0,0,0,0,0,7,0,0,0,0,1,5,9,1,0,11,0,0,0,2,0,0,0,0,4,1,7,0,0,0,0,10,6,0,1,0,0,0,7,12,3,1,0,0,0,7,0,0,0,0,0,0,-1,1,0.5
0,1,0,0,0,7,0,10,0,0,1,0,0,0,7,0,0,0,0,0,0,7,0,0,0,0,1,5,9,1,11,0,0,0,0,2,0,0,0,0,4,1,7,0,0,0,0,10,6,0,1,0,0,0,7,12,3,1,0,0,0,7,0,0,0,0,0,0,-1,0,0.5
0,1,0,0,0,7,0,10,0,0,1,0,0,0,7,0,0,0,0,0,0,7,0,0,4,0,1,5,9,1,11,0,0,0,0,2,0,0,0,0,0,1,7,0,0,0,0,10,6,0,1,0,0,0,7,12,3,1,0,0,0,7,0,0,0,0,0,0,-1,1,0.5
0,1,0,0,0,7,0,0,0,0,1,0,0,0,7,0,0,0,0,0,0,7,0,0,4,0,1,5,9,1,11,10,0,0,0,2,0,0,0,0,0,1,7,0,0,0,0,10,6,0,1,0,0,0,7,12,3,1,0,0,0,7,0,0,0,0,0,0,-1,0,0.5
0,1,0,0,0,7,0,0,0,0,1,0,0,0,7,0,0,0,0,0,0,7,0,0,4,0,1,0,9,1,11,10,0,0,5,2,0,0,0,0,0,1,7,0,0,0,0,10,6,0,1,0,0,0,7,12,3,1,0,0,0,7,0,0,0,0,0,0,-1,1,0.5
0,1,0,0,0,7,0,0,0,0,1,0,0,0,7,0,0,0,0,0,0,7,0,0,4,0,1,0,9,1,0,10,0,0,5,2,0,0,0,0,0,1,7,0,0,0,11,10,6,0,1,0,0,0,7,12,3,1,0,0,0,7,0,0,0,0,0,0,-1,0,0.5
0,1,0,0,0,7,0,0,0,0,1,0,0,0,7,0,0,0,0,0,0,7,0,0,4,0,1,0,9,1,0,10,0,0,5,2,0,0,0,0,0,1,7,0,0,0,11,10,6,0,1,0,0,0,7,12,3,0,0,1,0,7,0,0,0,0,0,0,7,1,0.5
0,1,0,0,0,7,0,0,0,0,1,0,0,0,7,0,0,0,0,0,0,7,0,0,4,0,1,0,9,1,0,10,0,0,5,2,0,0,0,0,0,1,7,0,11,0,0,10,6,0,1,0,0,0,7,12,3,0,0,1,0,7,0,0,0,0,0,0,-1,0,0.5
0,1,0,0,0,7,0,0,0,0,1,0,0,0,7,0,0,0,0,0,0,7,0,0,4,0,1,0,9,1,0,10,0,0,5,2,0,0,0,0,0,1,7,0,11,0,0,10,0,0,1,0,0,0,7,12,3,6,0,1,0,7,0,0,0,0,0,0,-1,1,0.5
0,1,0,0,0,7,0,0,0,0,1,0,0,0,7,0,0,0,0,0,0,7,0,0,4,0,1,0,9,1,10,0,0,0,5,2,0,0,0,0,0,1,7,0,11,0,0,10,0,0,1,0,0,0,7,12,3,6,0,1,0,7,0,0,0,0,0,0,-1,0,0.5
0,1,0,0,0,7,0,0,0,0,1,0,0,0,7,0,0,0,0,0,0,7,0,0,0,0,1,0,9,1,10,0,4,0,5,2,0,0,0,0,0,1,7,0,11,0,0,10,0,0,1,0,0,0,7,12,3,6,0,1,0,7,0,0,0,0,0,0,-1,1,0.5
0,1,0,0,0,7,0,0,0,0,1,0,0,0,7,0,0,0,0,0,0,7,0,0,0,0,1,0,9,1,10,0,4,0,5,2,0,0,0,0,0,1,7,0,11,0,0,10,0,0,1,0,7,0,0,12,3,6,0,1,0,7,0,0,0,0,0,0,6,0,0.5
0,1,0,0,0,7,0,0,0,0,1,0,0,0,7,0,0,0,0,0,0,7,0,0,0,0,1,0,9,1,10,0,4,0,5,2,0,0,0,0,0,1,7,0,11,0,0,10,0,0,1,0,1,0,0,12,3,6,0,0,0,7,0,0,0,0,0,0,-1,1,0.5
0,1,0,0,0,7,0,0,0,0,1,0,0,0,7,0,0,0,0,0,0,7,0,0,0,0,1,0,9,1,10,0,4,0,5,2,0,0,0,0,0,1,7,0,11,0,0,10,0,0,1,0,7,0,0,12,3,6,0,0,0,0,0,0,0,0,0,0,-1,0,0.5
0,1,0,0,0,7,0,0,0,0,1,0,0,0,7,0,0,0,0,0,0,7,0,0,0,0,1,0,9,1,10,0,4,0,0,2,0,0,0,0,0,1,7,0,11,0,0,10,0,0,1,0,5,0,0,12,3,6,0,0,0,0,0,0,0,0,0,0,-1,1,0.5
0,1,0,0,0,7,0,0,0,0,1,0,0,0,7,0,0,0,0,0,0,7,0,0,0,0,1,0,9,1,10,0,4,0,0,2,0,0,0,0,0,1,7,0,0,0,0,10,0,0,1,0,11,0,0,12,3,6,0,0,0,0,0,0,0,0,0,0,-1,0,0.5
0,1,0,0,0,7,0,0,0,0,1,0,0,0,7,0,0,0,0,0,0,7,0,0,0,0,1,0,9,1,10,0,4,0,0,0,0,0,0,0,0,1,7,0,0,0,0,10,0,0,1,0,2,0,0,12,3,6,0,0,0,0,0,0,0,0,0,0,-1,1,0.5
0,1,0,0,0,7,0,0,0,0,1,0,0,0,7,0,0,0,0,0,0,7,0,0,0,0,1,0,9,10,0,0,4,0,0,0,0,0,0,0,0,1,7,0,0,0,0,10,0,0,1,0,2,0,0,12,3,6,0,0,0,0,0,0,0,0,0,0,-1,0,0.5
0,1,0,0,0,7,0,0,0,0,1,0,0,0,7,0,0,0,0,0,0,7,0,0,0,0,1,0,9,10,0,0,0,0,4,0,0,0,0,0,0,1,7,0,0,0,0,10,0,0,1,0,2,0,0,12,3,6,0,0,0,0,0,0,0,0,0,0,-1,1,0.5
0,1,0,0,0,7,0,0,0,0,1,0,0,0,7,0,0,0,0,0,0,7,0,0,0,0,1,0,9,0,0,0,0,0,4,0,0,0,0,0,0,1,7,0,0,10,0,10,0,0,1,0,2,0,0,12,3,6,0,0,0,0,0,0,0,0,0,0,-1,0,0.5
0,1,0,0,0,7,0,0,0,0,1,0,0,0,7,0,0,0,0,0,0,7,0,0,0,0,1,0,9,0,0,0,0,0,4,0,0,0,0,0,0,1,7,0,0,10,0,10,6,0,1,0,2,0,0,12,3,0,0,0,0,0,0,0,0,0,0,0,-1,1,0.5
0,1,0,0,7,0,0,0,0,0,1,0,0,0,7,0,0,0,0,0,0,7,0,0,0,0,1,0,9,0,0,0,0,0,4,0,0,0,0,0,0,1,7,0,0,10,0,10,6,0,1,0,2,0,0,12,3,0,0,0,0,0,0,0,0,0,0,0,-1,0,0.5
0,1,0,0,7,0,0,0,0,0,1,0,0,0,7,0,0,0,0,0,0,7,0,0,0,0,1,0,9,0,0,0,0,0,4,0,0,0,0,0,0,1,7,0,0,10,0,10,6,0,1,0,0,0,0,12,3,0,2,0,0,0,0,0,0,0,0,0,-1,1,0.5
0,1,0,0,7,0,0,0,0,0,1,0,7,0,0,0,0,0,0,0,0,7,0,0,0,0,1,0,9,0,0,0,0,0,4,0,0,0,0,0,0,1,7,0,0,10,0,10,6,0,1,0,0,0,0,12,3,0,2,0,0,0,0,0,0,0,0,0,1,0,0.5
0,1,0,0,7,0,0,0,0,0,1,0,7,0,0,0,0,0,0,0,0,7,0,0,0,0,1,0,9,0,0,0,0,0,4,0,0,0,0,0,0,1,7,2,0,10,0,10,6,0,1,0,0,0,0,12,3,0,0,0,0,0,0,0,0,0,0,0,-1,1,0.5
0,1,0,0,7,0,0,0,0,0,1,0,7,0,0,0,0,0,0,0,0,7,0,0,0,0,1,0,9,0,0,0,0,0,4,0,0,0,0,0,0,1,7,10,0,0,0,10,6,0,1,0,0,0,0,12,3,0,0,0,0,0,0,0,0,0,0,0,-1,0,0.5
0,1,0,0,7,0,0,0,0,0,1,0,7,0,0,0,0,0,0,0,0,7,0,0,0,0,1,0,9,0,0,0,0,0,4,0,0,0,0,0,0,1,7,1,0,0,0,10,6,0,0,0,0,0,0,12,3,0,0,0,0,0,0,0,0,0,0,0,-1,1,0.5
0,1,0,0,7,0,0,0,0,0,1,0,7,0,0,0,0,0,0,0,0,7,0,0,0,0,1,0,9,0,0,0,0,0,4,0,0,0,0,0,0,1,7,10,0,0,0,0,6,0,0,0,0,0,0,12,3,0,0,0,0,0,0,0,0,0,0,0,-1,0,0.5
0,1,0,0,7,0,0,0,0,0,1,0,7,0,0,0,0,0,0,0,0,7,0,0,0,0,1,0,9,0,0,0,0,0,4,0,0,0,0,0,6,1,7,10,0,0,0,0,0,0,0,0,0,0,0,12,3,0,0,0,0,0,0,0,0,0,0,0,-1,1,0.5
0,1,0,0,7,0,0,0,0,0,1,0,7,0,0,0,0,0,0,0,0,7,0,0,0,0,1,0,9,0,0,0,0,0,4,0,0,0,0,0,6,1,7,10,0,0,12,0,0,0,0,0,0,0,0,0,3,0,0,0,0,0,0,0,0,0,0,0,-1,0,0.5
0,1,0,0,7,0,0,0,0,0,1,0,7,0,0,0,0,0,0,0,0,7,0,0,0,0,1,0,9,0,0,0,6,0,4,0,0,0,0,0,0,1,7,10,0,0,12,0,0,0,0,0,0,0,0,0,3,0,0,0,0,0,0,0,0,0,0,0,-1,1,0.5
0,1,0,0,7,0,0,0,0,0,1,0,7,0,0,0,0,0,0,0,0,7,0,0,0,0,1,0,9,0,0,0,6,0,4,0,0,0,0,0,0,1,7,10,0,12,0,0,0,0,0,0,0,0,0,0,3,0,0,0,0,0,0,0,0,0,0,0,-1,0,0.5
0,1,0,0,7,0,0,0,0,0,1,0,7,0,0,0,0,0,0,0,0,7,0,0,0,6,1,0,9,0,0,0,0,0,4,0,0,0,0,0,0,1,7,10,0,12,0,0,0,0,0,0,0,0,0,0,3,0,0,0,0,0,0,0,0,0,0,0,-1,1,0.5
0,1,0,7,0,0,0,0,0,0,1,0,7,0,0,0,0,0,0,0,0,7,0,0,0,6,1,0,9,0,0,0,0,0,4,0,0,0,0,0,0,1,7,10,0,12,0,0,0,0,0,0,0,0,0,0,3,0,0,0,0,0,0,0,0,0,0,0,-1,0,0.5
0,1,0,1,0,0,0,0,0,0,0,0,7,0,0,0,0,0,0,0,0,7,0,0,0,6,1,0,9,0,0,0,0,0,4,0,0,0,0,0,0,1,7,10,0,12,0,0,0,0,0,0,0,0,0,0,3,0,0,0,0,0,0,0,0,0,0,0,-1,1,0.5
0,1,0,10,0,0,0,0,0,0,0,0,7,0,0,0,0,0,0,0,0,7,0,0,0,6,1,0,9,0,0,0,0,0,4,0,0,0,0,0,0,1,7,0,0,12,0,0,0,0,0,0,0,0,0,0,3,0,0,0,0,0,0,0,0,0,0,0,-1,0,0.5
0,1,0,10,0,0,0,0,0,0,0,0,7,0,0,0,0,0,0,0,0,7,0,0,0,6,1,0,9,0,0,0,0,0,4,0,0,0,0,0,0,1,3,0,0,12,0,0,0,0,0,0,0,0,0,0,0,0,0,0,0,0,0,0,0,0,0,0,-1,1,0.5
0,10,0,0,0,0,0,0,0,0,0,0,7,0,0,0,0,0,0,0,0,7,0,0,0,6,1,0,9,0,0,0,0,0,4,0,0,0,0,0,0,1,3,0,0,12,0,0,0,0,0,0,0,0,0,0,0,0,0,0,0,0,0,0,0,0,0,0,-1,0,0.5
4,1,0,0,0,0,7,10,2,1,0,0,0,0,7,8,3,1,0,0,0,0,7,9,5,1,0,0,0,0,7,11,6,1,0,0,0,0,7,12,3,1,0,0,0,0,7,9,2,1,0,0,0,0,7,8,4,1,0,0,0,0,7,10,1,1,1,1,-1,0,0
4,1,0,0,0,0,7,10,2,1,0,0,0,0,7,8,3,0,0,1,0,0,7,9,5,1,0,0,0,0,7,11,6,1,0,0,0,0,7,12,3,1,0,0,0,0,7,9,2,1,0,0,0,0,7,8,4,1,0,0,0,0,7,10,1,1,1,1,2,1,0
4,1,0,0,0,0,7,10,2,1,0,0,0,0,7,8,3,0,0,1,0,0,7,9,5,1,0,0,0,0,7,11,6,1,0,0,7,0,0,12,3,1,0,0,0,0,7,9,2,1,0,0,0,0,7,8,4,1,0,0,0,0,7,10,1,1,1,1,4,0,0
4,1,0,0,0,0,7,10,2,1,0,0,0,0,7,8,3,0,0,1,0,0,7,9,5,1,0,0,0,0,7,11,6,1,0,0,7,0,0,12,3,1,0,0,0,0,7,9,2,0,1,0,0,0,7,8,4,1,0,0,0,0,7,10,1,1,1,1,-1,1,0
4,1,0,0,0,0,7,10,2,1,0,0,0,0,7,8,3,0,0,1,0,0,7,9,5,1,0,0,0,0,7,11,6,1,0,0,7,0,0,12,3,1,0,0,0,8,7,9,2,0,1,0,0,0,7,0,4,1,0,0,0,0,7,10,1,1,1,1,-1,0,0
4,1,0,0,0,0,7,10,2,1,0,0,0,0,7,8,3,0,0,1,0,0,7,9,5,1,0,0,0,0,7,11,6,1,0,0,7,0,0,12,0,1,0,0,0,8,7,9,2,3,1,0,0,0,7,0,4,1,0,0,0,0,7,10,1,1,1,1,-1,1,0
4,1,0,0,0,0,7,10,2,1,0,0,0,0,7,8,3,0,0,1,0,0,7,9,5,1,0,0,0,0,7,11,6,1,0,0,7,0,0,12,0,1,0,0,0,8,7,9,2,3,1,0,0,0,7,0,4,1,0,0,0,7,0,10,1,1,1,1,-1,0,0
4,0,1,0,0,0,7,10,2,1,0,0,0,0,7,8,3,0,0,1,0,0,7,9,5,1,0,0,0,0,7,11,6,1,0,0,7,0,0,12,0,1,0,0,0,8,7,9,2,3,1,0,0,0,7,0,4,1,0,0,0,7,0,10,1,1,1,1,-1,1,0
4,0,1,0,7,0,0,10,2,1,0,0,0,0,7,8,3,0,0,1,0,0,7,9,5,1,0,0,0,0,7,11,6,1,0,0,7,0,0,12,0,1,0,0,0,8,7,9,2,3,1,0,0,0,7,0,4,1,0,0,0,7,0,10,1,1,1,1,0,0,0
4,0,1,0,7,0,0,10,0,1,0,0,0,0,7,8,3,0,2,1,0,0,7,9,5,1,0,0,0,0,7,11,6,1,0,0,7,0,0,12,0,1,0,0,0,8,7,9,2,3,1,0,0,0,7,0,4,1,0,0,0,7,0,10,1,1,1,1,-1,1,0
4,0,1,0,7,0,0,10,0,1,0,0,0,0,7,0,3,0,2,1,0,8,7,9,5,1,0,0,0,0,7,11,6,1,0,0,7,0,0,12,0,1,0,0,0,8,7,9,2,3,1,0,0,0,7,0,4,1,0,0,0,7,0,10,1,1,1,1,-1,0,0
4,0,1,0,7,0,0,10,0,1,0,0,0,0,7,0,3,0,2,1,0,8,7,9,5,0,1,0,0,0,7,11,6,1,0,0,7,0,0,12,0,1,0,0,0,8,7,9,2,3,1,0,0,0,7,0,4,1,0,0,0,7,0,10,1,1,1,1,-1,1,0
4,0,1,0,7,0,0,10,0,1,0,0,0,0,7,0,3,0,2,1,9,8,7,9,5,0,1,0,0,0,7,11,6,1,0,0,7,0,0,12,0,1,0,0,0,8,7,0,2,3,1,0,0,0,7,0,4,1,0,0,0,7,0,10,1,1,1,1,-1,0,0
4,0,1,0,7,0,0,10,0,1,0,0,0,0,7,0,3,0,2,1,9,8,7,9,5,0,1,0,0,0,7,11,6,1,0,0,7,0,0,12,0,1,2,0,0,8,7,0,0,3,1,0,0,0,7,0,4,1,0,0,0,7,0,10,1,1,1,1,-1,1,0
4,0,1,0,7,0,0,10,0,1,0,0,0,0,7,0,3,0,2,1,9,8,7,9,5,0,1,0,0,7,0,11,6,1,0,0,7,0,0,12,0,1,2,0,0,8,7,0,0,3,1,0,0,0,7,0,4,1,0,0,0,7,0,10,1,1,1,1,-1,0,0
4,0,1,0,7,0,0,10,0,1,0,0,0,0,7,0,3,0,2,1,9,8,7,9,5,0,1,0,0,7,0,11,0,1,0,0,7,0,0,12,4,1,2,0,0,8,7,0,6,3,1,0,0,0,7,0,0,1,0,0,0,7,0,10,0,0,1,1,-1,1,0
4,0,1,0,7,0,0,10,0,1,0,0,0,0,7,0,3,0,2,1,9,8,7,9,5,0,1,0,0,7,0,11,0,1,0,0,7,0,0,0,4,1,2,0,0,8,7,10,6,3,1,0,0,0,7,12,0,1,0,0,0,7,0,0,0,0,0,0,-1,0,0
4,0,1,0,7,0,0,10,0,1,0,0,0,0,7,0,3,0,2,1,9,8,7,9,5,0,1,0,0,7,0,11,2,1,0,0,7,0,0,0,4,1,0,0,0,8,7,10,6,3,1,0,0,0,7,12,0,1,0,0,0,7,0,0,0,0,0,0,-1,1,0
4,0,1,0,7,0,0,10,0,1,0,0,0,0,7,0,3,0,2,1,9,0,7,9,5,0,1,0,0,7,0,11,2,1,0,0,7,0,8,0,4,1,0,0,0,8,7,10,6,3,1,0,0,0,7,12,0,1,0,0,0,7,0,0,0,0,0,0,-1,0,0
4,0,1,0,7,0,0,10,0,1,0,0,0,0,7,0,3,2,2,1,9,0,7,9,5,0,1,0,0,7,0,11,0,1,0,0,7,0,8,0,4,1,0,0,0,8,7,10,6,3,1,0,0,0,7,12,0,1,0,0,0,7,0,0,0,0,0,0,-1,1,0
4,0,1,0,7,0,0,10,0,1,0,0,0,0,7,0,3,2,2,1,9,7,0,9,5,0,1,0,0,7,0,11,0,1,0,0,7,0,8,0,4,1,0,0,0,8,7,10,6,3,1,0,0,0,7,12,0,1,0,0,0,7,0,0,0,0,0,0,-1,0,0
0,0,1,0,7,0,0,10,4,1,0,0,0,0,7,0,3,2,2,1,9,7,0,9,5,0,1,0,0,7,0,11,0,1,0,0,7,0,8,0,4,1,0,0,0,8,7,10,6,3,1,0,0,0,7,12,0,1,0,0,0,7,0,0,0,0,0,0,-1,1,0
0,0,1,0,7,0,0,10,4,1,0,0,0,0,7,0,3,2,2,1,9,7,0,9,5,0,1,0,7,0,0,11,0,1,0,0,7,0,8,0,4,1,0,0,0,8,7,10,6,3,1,0,0,0,7,12,0,1,0,0,0,7,0,0,0,0,0,0,-1,0,0
0,0,1,0,7,0,0,10,4,1,0,0,0,0,7,0,3,2,2,0,9,7,0,9,5,0,1,0,1,0,0,11,0,1,0,0,7,0,8,0,4,1,0,0,0,8,7,10,6,3,1,0,0,0,7,12,0,1,0,0,0,7,0,0,0,0,0,0,-1,1,0
0,0,1,0,7,0,0,10,4,1,0,0,0,0,7,0,3,2,2,0,9,7,0,9,5,0,1,0,8,0,0,11,0,1,0,0,7,0,0,0,4,1,0,0,0,8,7,10,6,3,1,0,0,0,7,12,0,1,0,0,0,7,0,0,0,0,0,0,-1,0,0
0,0,1,0,7,0,0,10,4,1,0,0,0,0,7,0,3,2,0,0,9,7,0,9,5,0,1,0,2,0,0,11,0,1,0,0,7,0,0,0,4,1,0,0,0,8,7,10,6,3,1,0,0,0,7,12,0,1,0,0,0,7,0,0,0,0,0,0,-1,1,0
0,0,1,0,7,0,0,10,4,1,0,0,0,0,7,0,3,2,0,0,9,0,0,9,5,0,1,0,7,0,0,11,0,1,0,0,7,0,0,0,4,1,0,0,0,8,7,10,6,3,1,0,0,0,7,12,0,1,0,0,0,7,0,0,0,0,0,0,-1,0,0
0,0,1,0,7,0,0,10,4,1,0,0,0,0,7,0,3,2,0,0,9,0,0,9,5,0,0,1,7,0,0,11,0,1,0,0,7,0,0,0,4,1,0,0,0,8,7,10,6,3,1,0,0,0,7,12,0,1,0,0,0,7,0,0,0,0,0,0,-1,1,0
0,0,1,0,7,0,0,10,4,1,0,0,0,0,7,0,3,2,0,0,9,0,0,9,5,0,0,7,7,0,0,11,0,1,0,0,0,0,0,0,4,1,0,0,0,8,7,10,6,3,1,0,0,0,7,12,0,1,0,0,0,7,0,0,0,0,0,0,-1,0,0
0,0,1,0,7,0,0,10,4,1,0,0,0,0,7,0,3,0,0,0,9,0,0,9,5,0,0,2,7,0,0,11,0,1,0,0,0,0,0,0,4,1,0,0,0,8,7,10,6,3,1,0,0,0,7,12,0,1,0,0,0,7,0,0,0,0,0,0,-1,1,0
0,0,1,0,7,0,0,10,4,1,0,0,0,0,7,0,3,0,0,0,9,0,0,9,5,0,0,2,7,0,0,11,0,1,0,0,0,0,0,10,4,1,0,0,0,8,7,0,6,3,1,0,0,0,7,12,0,1,0,0,0,7,0,0,0,0,0,0,-1,0,0
0,0,1,0,7,0,0,10,4,0,0,1,0,0,7,0,3,0,0,0,9,0,0,9,5,0,0,2,7,0,0,11,0,1,0,0,0,0,0,10,4,1,0,0,0,8,7,0,6,3,1,0,0,0,7,12,0,1,0,0,0,7,0,0,0,0,0,0,1,1,0
0,0,1,0,0,0,0,10,4,0,0,7,0,0,7,0,3,0,0,0,9,0,0,9,5,0,0,2,7,0,0,11,0,1,0,0,0,0,0,10,4,1,0,0,0,8,7,0,6,3,1,0,0,0,7,12,0,1,0,0,0,7,0,0,0,0,0,0,-1,0,0
0,0,0,0,0,0,0,10,4,0,0,1,0,0,7,0,3,0,0,0,9,0,0,9,5,0,0,2,7,0,0,11,0,1,0,0,0,0,0,10,4,1,0,0,0,8,7,0,6,3,1,0,0,0,7,12,0,1,0,0,0,7,0,0,0,0,0,0,-1,1,0
0,0,0,0,0,0,0,10,4,0,0,1,0,0,7,0,3,0,0,0,0,0,0,9,5,0,0,9,7,0,0,11,0,1,0,0,0,0,0,10,4,1,0,0,0,8,7,0,6,3,1,0,0,0,7,12,0,1,0,0,0,7,0,0,0,0,0,0,-1,0,0
0,0,0,0,0,0,0,10,4,0,0,1,0,0,7,0,3,0,0,0,0,0,0,9,0,0,0,5,7,0,0,11,0,1,0,0,0,0,0,10,4,1,0,0,0,8,7,0,6,3,1,0,0,0,7,12,0,1,0,0,0,7,0,0,0,0,0,0,-1,1,0
0,0,0,0,0,0,0,10,4,0,0,1,0,0,7,0,3,0,0,0,0,0,0,9,0,0,0,5,7,0,0,11,0,10,0,0,0,0,0,0,4,1,0,0,0,8,7,0,6,3,1,0,0,0,7,12,0,1,0,0,0,7,0,0,0,0,0,0,-1,0,0
0,0,0,0,0,0,0,10,4,0,0,1,0,0,7,0,3,0,0,0,0,0,0,9,0,0,0,5,7,0,0,11,0,10,0,0,0,0,0,0,4,1,3,0,0,8,7,0,6,0,1,0,0,0,7,12,0,1,0,0,0,7,0,0,0,0,0,0,-1,1,0
0,0,0,0,0,0,0,10,4,0,0,1,0,0,7,0,3,10,0,0,0,0,0,9,0,0,0,5,7,0,0,11,0,0,0,0,0,0,0,0,4,1,3,0,0,8,7,0,6,0,1,0,0,0,7,12,0,1,0,0,0,7,0,0,0,0,0,0,-1,0,0
0,0,0,0,0,0,0,10,4,0,0,1,0,0,7,0,3,10,0,0,0,0,0,9,4,0,0,5,7,0,0,11,0,0,0,0,0,0,0,0,0,1,3,0,0,8,7,0,6,0,1,0,0,0,7,12,0,1,0,0,0,7,0,0,0,0,0,0,-1,1,0
0,0,0,0,0,0,0,10,4,0,0,1,0,0,7,0,3,10,0,0,0,0,0,0,4,0,0,5,7,0,0,11,0,0,0,0,0,0,0,0,0,1,3,0,9,8,7,0,6,0,1,0,0,0,7,12,0,1,0,0,0,7,0,0,0,0,0,0,-1,0,0
4,0,0,0,0,0,0,10,0,0,0,1,0,0,7,0,3,10,0,0,0,0,0,0,4,0,0,5,7,0,0,11,0,0,0,0,0,0,0,0,0,1,3,0,9,8,7,0,6,0,1,0,0,0,7,12,0,1,0,0,0,7,0,0,0,0,0,0,-1,1,0
10,0,0,0,0,0,0,0,0,0,0,1,0,0,7,0,3,10,0,0,0,0,0,0,4,0,0,5,7,0,0,11,0,0,0,0,0,0,0,0,0,1,3,0,9,8,7,0,6,0,1,0,0,0,7,12,0,1,0,0,0,7,0,0,0,0,0,0,-1,0,0
5,0,0,0,0,0,0,0,0,0,0,1,0,0,7,0,3,10,0,0,0,0,0,0,4,0,0,0,7,0,0,11,0,0,0,0,0,0,0,0,0,1,3,0,9,8,7,0,6,0,1,0,0,0,7,12,0,1,0,0,0,7,0,0,0,0,0,0,-1,1,0
5,0,0,0,0,0,0,0,0,0,0,1,0,0,7,0,3,10,0,0,0,0,0,0,4,0,0,0,7,0,0,11,0,0,0,9,0,0,0,0,0,1,3,0,0,8,7,0,6,0,1,0,0,0,7,12,0,1,0,0,0,7,0,0,0,0,0,0,-1,0,0
5,0,0,0,0,0,0,0,0,0,0,1,0,0,7,0,3,10,0,0,0,0,0,0,4,0,0,0,7,0,0,11,0,0,0,3,0,0,0,0,0,1,0,0,0,8,7,0,6,0,1,0,0,0,7,12,0,1,0,0,0,7,0,0,0,0,0,0,-1,1,0
5,0,0,0,0,0,0,0,0,0,0,1,0,0,7,0,3,10,0,0,0,0,0,0,4,0,0,0,7,0,0,11,0,0,0,8,0,0,0,0,0,1,0,0,0,0,7,0,6,0,1,0,0,0,7,12,0,1,0,0,0,7,0,0,0,0,0,0,-1,0,0
5,0,0,0,0,0,0,0,0,0,0,1,0,0,7,0,0,10,0,0,0,0,0,0,4,0,0,0,7,0,0,11,0,0,3,8,0,0,0,0,0,1,0,0,0,0,7,0,6,0,1,0,0,0,7,12,0,1,0,0,0,7,0,0,0,0,0,0,-1,1,0
5,0,0,0,0,0,0,0,0,0,0,1,0,0,7,0,0,10,8,0,0,0,0,0,4,0,0,0,7,0,0,11,0,0,3,0,0,0,0,0,0,1,0,0,0,0,7,0,6,0,1,0,0,0,7,12,0,1,0,0,0,7,0,0,0,0,0,0,-1,0,0
5,0,0,0,0,0,0,0,0,0,0,1,0,0,7,0,0,10,8,0,0,0,0,0,0,0,4,0,7,0,0,11,0,0,3,0,0,0,0,0,0,1,0,0,0,0,7,0,6,0,1,0,0,0,7,12,0,1,0,0,0,7,0,0,0,0,0,0,-1,1,0
5,0,0,0,0,0,0,0,0,0,0,1,0,0,7,0,0,10,8,0,0,0,0,0,0,0,4,7,0,0,0,11,0,0,3,0,0,0,0,0,0,1,0,0,0,0,7,0,6,0,1,0,0,0,7,12,0,1,0,0,0,7,0,0,0,0,0,0,-1,0,0
5,0,0,0,0,0,0,0,0,0,0,1,0,0,7,0,0,10,8,0,0,0,0,0,0,0,4,7,0,0,0,11,0,0,3,0,0,0,0,0,6,1,0,0,0,0,7,0,0,0,1,0,0,0,7,12,0,1,0,0,0,7,0,0,0,0,0,0,-1,1,0
4,1,0,0,0,0,7,10,2,1,0,0,0,0,7,8,3,1,0,0,0,0,7,9,5,1,0,0,0,0,7,11,6,1,0,0,0,0,7,12,3,1,0,0,0,0,7,9,2,1,0,0,0,0,7,8,4,1,0,0,0,0,7,10,1,1,1,1,-1,0,0
4,1,0,0,0,0,7,10,2,1,0,0,0,0,7,8,3,1,0,0,0,0,7,9,5,1,0,0,0,0,7,11,6,0,0,1,0,0,7,12,3,1,0,0,0,0,7,9,2,1,0,0,0,0,7,8,4,1,0,0,0,0,7,10,1,1,1,1,4,1,0
4,1,0,0,0,0,7,10,2,1,0,0,0,0,7,8,3,1,0,0,0,0,7,9,5,1,0,0,0,0,7,11,6,0,0,1,7,0,0,12,3,1,0,0,0,0,7,9,2,1,0,0,0,0,7,8,4,1,0,0,0,0,7,10,1,1,1,1,4,0,0
4,1,0,0,0,0,7,10,2,1,0,0,0,0,7,8,3,1,0,0,0,0,7,9,5,1,0,0,0,0,7,11,6,0,0,1,7,0,0,12,3,1,2,0,0,0,7,9,0,1,0,0,0,0,7,8,4,1,0,0,0,0,7,10,1,1,1,1,-1,1,0
4,1,0,0,0,0,7,10,2,1,0,0,0,0,7,0,3,1,0,0,0,8,7,9,5,1,0,0,0,0,7,11,6,0,0,1,7,0,0,12,3,1,2,0,0,0,7,9,0,1,0,0,0,0,7,8,4,1,0,0,0,0,7,10,1,1,1,1,-1,0,0
4,1,0,0,0,0,7,10,2,1,0,0,0,0,7,0,3,1,0,3,0,8,7,9,5,1,0,0,0,0,7,11,6,0,0,1,7,0,0,12,0,1,2,0,0,0,7,9,0,1,0,0,0,0,7,8,4,1,0,0,0,0,7,10,1,1,1,1,-1,1,0
4,1,0,0,0,0,7,10,2,1,0,0,0,0,7,0,3,1,0,3,9,8,7,9,5,1,0,0,0,0,7,11,6,0,0,1,7,0,0,12,0,1,2,0,0,0,7,0,0,1,0,0,0,0,7,8,4,1,0,0,0,0,7,10,1,1,1,1,-1,0,0
4,1,0,0,0,0,7,10,2,1,0,0,0,0,7,0,3,0,1,3,9,8,7,9,5,1,0,0,0,0,7,11,6,0,0,1,7,0,0,12,0,1,2,0,0,0,7,0,0,1,0,0,0,0,7,8,4,1,0,0,0,0,7,10,1,1,1,1,-1,1,0
4,1,0,0,0,0,7,10,2,1,0,0,0,0,7,0,3,0,1,3,9,8,7,9,5,1,0,0,0,0,7,11,6,0,0,1,7,0,0,12,0,1,2,0,0,8,7,0,0,1,0,0,0,0,7,0,4,1,0,0,0,0,7,10,1,1,1,1,-1,0,0
4,1,0,0,0,0,7,10,2,1,0,0,0,0,7,0,3,0,1,3,9,8,7,9,5,0,0,1,0,0,7,11,6,0,0,1,7,0,0,12,0,1,2,0,0,8,7,0,0,1,0,0,0,0,7,0,4,1,0,0,0,0,7,10,1,1,1,1,3,1,0
4,1,0,0,0,0,7,10,2,1,0,0,0,0,7,0,3,0,1,3,9,8,7,9,5,0,0,7,0,0,7,11,6,0,0,1,0,0,0,12,0,1,2,0,0,8,7,0,0,1,0,0,0,0,7,0,4,1,0,0,0,0,7,10,1,1,1,1,-1,0,0
4,1,0,0,0,0,7,10,2,0,0,1,0,0,7,0,3,0,1,3,9,8,7,9,5,0,0,7,0,0,7,11,6,0,0,1,0,0,0,12,0,1,2,0,0,8,7,0,0,1,0,0,0,0,7,0,4,1,0,0,0,0,7,10,1,1,1,1,1,1,0
4,1,0,0,0,0,7,10,2,0,0,1,0,9,7,0,3,0,1,3,0,8,7,9,5,0,0,7,0,0,7,11,6,0,0,1,0,0,0,12,0,1,2,0,0,8,7,0,0,1,0,0,0,0,7,0,4,1,0,0,0,0,7,10,1,1,1,1,-1,0,0
4,1,0,0,0,0,7,10,2,0,0,1,0,9,7,0,3,0,1,3,0,8,7,9,5,0,0,7,0,0,7,11,6,0,0,0,1,0,0,12,0,1,2,0,0,8,7,0,0,1,0,0,0,0,7,0,4,1,0,0,0,0,7,10,1,1,1,1,-1,1,0
4,1,0,0,0,0,7,10,2,0,0,1,0,9,7,0,3,0,1,3,0,8,7,9,5,0,0,7,7,0,0,11,6,0,0,0,1,0,0,12,0,1,2,0,0,8,7,0,0,1,0,0,0,0,7,0,4,1,0,0,0,0,7,10,1,1,1,1,3,0,0
4,1,0,0,0,0,7,10,2,0,0,1,0,9,7,0,3,0,1,3,0,8,7,9,5,0,0,7,7,0,0,11,6,0,0,0,0,0,0,12,0,1,2,0,0,1,7,0,0,1,0,0,0,0,7,0,4,1,0,0,0,0,7,10,1,1,1,1,-1,1,0
4,1,0,0,0,0,7,10,2,0,0,1,0,9,7,0,3,0,1,7,0,8,7,9,5,0,0,7,0,0,0,11,6,0,0,0,0,0,0,12,0,1,2,0,0,1,7,0,0,1,0,0,0,0,7,0,4,1,0,0,0,0,7,10,1,1,1,1,-1,0,0
4,1,0,0,0,0,7,10,2,0,0,1,0,9,7,0,3,0,1,7,0,8,7,9,0,0,0,7,0,0,0,11,6,5,0,0,0,0,0,12,0,1,2,0,0,1,7,0,0,1,0,0,0,0,7,0,4,1,0,0,0,0,7,10,1,1,1,1,-1,1,0
4,1,0,0,0,0,7,10,2,0,0,1,0,9,7,0,3,0,1,7,0,8,7,0,0,0,0,7,0,0,0,11,6,5,0,0,0,9,0,12,0,1,2,0,0,1,7,0,0,1,0,0,0,0,7,0,4,1,0,0,0,0,7,10,1,1,1,1,-1,0,0
4,1,0,0,0,0,7,10,2,0,0,0,1,9,7,0,3,0,1,7,0,8,7,0,0,0,0,7,0,0,0,11,6,5,0,0,0,9,0,12,0,1,2,0,0,1,7,0,0,1,0,0,0,0,7,0,4,1,0,0,0,0,7,10,1,1,1,1,-1,1,0
4,1,0,0,0,0,7,10,2,0,0,8,1,9,7,0,3,0,1,7,0,0,7,0,0,0,0,7,0,0,0,11,6,5,0,0,0,9,0,12,0,1,2,0,0,1,7,0,0,1,0,0,0,0,7,0,4,1,0,0,0,0,7,10,1,1,1,1,-1,0,0
4,1,0,0,0,0,7,10,2,0,0,8,1,9,7,0,3,0,1,7,0,0,7,0,0,0,0,7,0,0,0,11,6,5,0,0,0,9,0,12,0,1,2,0,0,0,7,0,0,1,0,0,0,0,1,0,4,1,0,0,0,0,7,10,1,1,1,1,-1,1,0
4,1,0,0,0,0,7,10,2,0,0,8,1,9,7,0,3,0,1,7,0,0,7,0,0,0,0,7,0,0,0,11,6,5,0,0,0,9,0,12,0,1,2,0,0,0,7,0,0,1,0,0,0,0,1,10,4,1,0,0,0,0,7,0,1,1,0,1,-1,0,0
4,1,0,0,0,0,7,10,2,0,0,1,1,9,7,0,3,0,0,7,0,0,7,0,0,0,0,7,0,0,0,11,6,5,0,0,0,9,0,12,0,1,2,0,0,0,7,0,0,1,0,0,0,0,1,10,4,1,0,0,0,0,7,0,1,1,0,1,-1,1,0
4,1,0,0,0,0,7,10,2,0,0,1,1,9,7,0,3,0,0,7,0,0,7,0,0,0,0,7,0,0,0,0,6,5,0,0,0,9,0,12,0,1,2,0,0,11,7,0,0,1,0,0,0,0,1,10,4,1,0,0,0,0,7,0,1,1,0,1,-1,0,0
4,1,0,0,0,0,7,10,2,0,0,1,1,9,7,0,3,0,0,7,0,0,7,0,0,0,0,7,0,0,0,0,0,5,0,0,0,9,0,12,4,1,2,0,0,11,7,0,6,1,0,0,0,0,1,10,0,1,0,0,0,0,7,0,0,0,0,1,-1,1,0
4,1,0,0,0,0,7,10,2,0,0,1,1,9,7,0,3,0,0,7,0,0,7,0,0,0,0,7,0,0,0,0,0,5,0,0,0,9,0,12,4,1,2,0,0,0,7,0,6,1,0,0,0,0,11,10,0,1,0,0,0,0,7,0,0,0,0,1,-1,0,0
4,1,0,0,0,0,7,10,2,0,0,1,1,9,7,0,3,0,0,7,0,0,7,0,0,0,0,7,0,0,0,0,0,5,0,0,0,9,0,12,4,1,2,0,0,0,7,0,6,0,1,0,0,0,11,10,0,1,0,0,0,0,7,0,0,0,0,1,-1,1,0
4,1,0,0,0,0,7,0,2,0,0,1,1,9,7,0,3,0,0,7,0,0,7,12,0,0,0,7,0,0,0,10,0,5,0,0,0,9,0,0,4,1,2,0,0,0,7,0,6,0,1,0,0,0,11,10,0,1,0,0,0,0,7,0,0,0,0,0,-1,0,0
4,0,0,1,0,0,7,0,2,0,0,1,1,9,7,0,3,0,0,7,0,0,7,12,0,0,0,7,0,0,0,10,0,5,0,0,0,9,0,0,4,1,2,0,0,0,7,0,6,0,1,0,0,0,11,10,0,1,0,0,0,0,7,0,0,0,0,0,0,1,0
4,0,0,1,0,0,7,0,2,0,0,1,1,9,7,0,3,0,0,7,0,0,7,12,0,0,7,0,0,0,0,10,0,5,0,0,0,9,0,0,4,1,2,0,0,0,7,0,6,0,1,0,0,0,11,10,0,1,0,0,0,0,7,0,0,0,0,0,-1,0,0
4,0,0,1,0,0,7,0,2,5,0,1,1,9,7,0,3,0,0,7,0,0,7,12,0,0,7,0,0,0,0,10,0,0,0,0,0,9,0,0,4,1,2,0,0,0,7,0,6,0,1,0,0,0,11,10,0,1,0,0,0,0,7,0,0,0,0,0,-1,1,0
4,0,0,1,0,0,7,0,2,5,0,1,1,9,7,0,3,0,0,7,0,0,7,12,0,0,7,0,0,0,0,10,0,0,0,0,0,9,0,0,4,1,2,0,0,0,7,0,6,0,11,0,0,0,0,10,0,1,0,0,0,0,7,0,0,0,0,0,-1,0,0
4,0,0,1,0,0,7,0,2,5,0,1,1,9,7,0,3,0,0,7,0,0,7,12,0,0,7,0,0,0,0,10,0,0,0,0,0,9,0,0,4,1,2,0,0,0,7,0,6,0,1,0,0,0,0,10,0,0,0,0,0,0,7,0,0,0,0,0,-1,1,0.03
4,0,0,1,0,0,7,0,2,5,0,1,1,9,7,0,3,0,0,7,0,0,7,12,0,0,7,0,0,0,0,10,0,0,0,0,0,9,0,0,4,1,2,0,0,0,7,0,6,0,10,0,0,0,0,0,0,0,0,0,0,0,7,0,0,0,0,0,-1,0,0.08
4,0,0,1,0,0,7,0,2,5,0,1,1,9,7,0,3,0,0,7,0,0,7,12,0,0,7,0,0,0,0,10,0,0,0,0,0,9,0,0,4,1,2,0,0,0,7,0,0,0,10,0,0,0,0,0,0,6,0,0,0,0,7,0,0,0,0,0,-1,1,0.06
4,0,0,1,0,0,7,0,2,5,0,1,1,9,7,0,3,0,0,7,0,0,7,12,0,0,7,0,0,0,0,10,0,0,0,0,0,9,0,0,4,1,10,0,0,0,7,0,0,0,0,0,0,0,0,0,0,6,0,0,0,0,7,0,0,0,0,0,-1,0,0.05
4,0,0,1,0,0,7,0,2,5,0,1,1,9,7,0,0,0,0,7,0,0,7,12,0,0,7,0,0,0,0,10,0,0,0,0,0,9,0,0,4,1,10,0,0,0,7,0,0,0,0,0,3,0,0,0,0,6,0,0,0,0,7,0,0,0,0,0,-1,1,0.05
4,0,0,1,0,0,7,0,2,5,0,1,1,0,7,0,0,0,0,7,0,0,7,12,0,0,7,9,0,0,0,10,0,0,0,0,0,9,0,0,4,1,10,0,0,0,7,0,0,0,0,0,3,0,0,0,0,6,0,0,0,0,7,0,0,0,0,0,-1,0,0.05
4,0,0,1,0,0,7,0,2,0,0,1,1,0,7,0,0,0,0,7,0,0,7,12,0,5,7,9,0,0,0,10,0,0,0,0,0,9,0,0,4,1,10,0,0,0,7,0,0,0,0,0,3,0,0,0,0,6,0,0,0,0,7,0,0,0,0,0,-1,1,0.1
4,0,0,1,0,0,7,0,2,0,0,1,1,0,7,0,0,0,0,7,0,0,7,12,0,5,7,9,0,0,0,0,0,0,0,0,0,9,0,0,4,1,10,0,0,0,7,0,0,0,0,0,3,0,0,10,0,6,0,0,0,0,7,0,0,0,0,0,-1,0,0.1
0,0,4,1,0,0,7,0,2,0,0,1,1,0,7,0,0,0,0,7,0,0,7,12,0,5,7,9,0,0,0,0,0,0,0,0,0,9,0,0,4,1,10,0,0,0,7,0,0,0,0,0,3,0,0,10,0,6,0,0,0,0,7,0,0,0,0,0,-1,1,0.1
0,0,4,1,0,0,7,0,2,0,0,1,1,0,7,0,0,0,0,7,0,0,7,12,0,5,7,9,0,0,0,0,0,0,0,0,0,9,0,0,4,1,10,0,0,0,7,0,0,0,0,0,3,0,0,10,0,6,0,0,0,7,0,0,0,0,0,0,-1,0,0.1
0,0,4,1,0,0,7,0,2,0,0,1,1,0,7,0,0,0,0,7,0,0,7,12,0,5,7,9,0,0,0,0,0,0,0,0,0,9,0,0,0,1,10,0,0,0,7,0,4,0,0,0,3,0,0,10,0,6,0,0,0,7,0,0,0,0,0,0,-1,1,0.04
0,0,4,1,0,0,7,0,2,0,0,1,1,0,7,0,0,0,0,7,0,0,7,12,0,5,7,9,0,0,0,0,0,0,0,0,0,9,0,0,0,1,0,0,0,0,7,0,4,0,0,0,3,0,0,10,0,6,10,0,0,7,0,0,0,0,0,0,-1,0,0.05
0,0,4,1,0,0,7,0,2,0,0,1,1,0,7,0,0,0,0,7,0,0,7,12,0,5,7,9,0,0,0,0,0,0,0,0,0,9,0,0,0,1,0,0,0,0,7,0,4,6,0,0,3,0,0,10,0,0,10,0,0,7,0,0,0,0,0,0,-1,1,0.1
0,0,4,1,0,0,7,0,2,0,0,1,1,0,7,0,0,0,0,7,0,0,7,12,0,5,7,9,0,0,0,0,0,0,0,0,0,9,0,0,0,1,0,0,0,0,7,0,4,6,0,0,10,0,0,0,0,0,10,0,0,7,0,0,0,0,0,0,-1,0,0.02
0,0,4,1,0,0,7,0,2,0,0,1,1,0,7,0,0,0,0,7,0,0,7,12,0,5,7,9,0,0,0,0,0,0,0,0,0,9,0,0,6,1,0,0,0,0,7,0,4,0,0,0,10,0,0,0,0,0,10,0,0,7,0,0,0,0,0,0,-1,1,0.03
0,0,4,1,0,0,7,0,2,0,0,1,1,0,7,0,0,0,0,7,0,0,7,12,0,5,7,9,0,0,0,0,0,0,0,0,0,9,0,0,6,1,0,0,0,0,7,0,10,0,0,0,0,0,0,0,0,0,10,0,0,7,0,0,0,0,0,0,-1,0,0.05
0,0,4,1,0,0,7,0,2,0,0,1,1,0,7,0,0,0,0,7,0,0,7,12,0,5,7,9,0,0,0,0,0,0,0,0,0,9,0,0,0,1,0,0,0,0,7,0,6,0,0,0,0,0,0,0,0,0,10,0,0,7,0,0,0,0,0,0,-1,1,0.1
0,0,4,1,0,0,7,0,2,0,0,1,1,0,7,0,0,0,0,7,0,0,7,12,0,5,7,9,9,0,0,0,0,0,0,0,0,0,0,0,0,1,0,0,0,0,7,0,6,0,0,0,0,0,0,0,0,0,10,0,0,7,0,0,0,0,0,0,-1,0,0.2
